[
    {
        "actionName": "Action",
        "steps": [
            {
                "stepId": "STEP1",
                "stepName": "Url: banking",
                "infFile": "t1.inf",
                "time": 1723441414398
            },
            {
                "stepId": "STEP2",
                "stepName": "Url: Open Account",
                "infFile": "t2.inf",
                "time": 1723441416450
            },
            {
                "stepId": "STEP3",
                "stepName": "Submit Data: customer_reg_form.php",
                "infFile": "t3.inf",
                "time": 1723441418604
            },
            {
                "stepId": "STEP4",
                "stepName": "Submit Data: cust_regfrm_confirm.php",
                "infFile": "t4.inf",
                "time": 1723441420665
            },
            {
                "stepId": "STEP5",
                "stepName": "Url: Home",
                "infFile": "t5.inf",
                "time": 1723441456053
            }
        ],
        "transactions": [
            {
                "transactionName": "SC01_Banking_T01_Launch_URL",
                "rawStartTime": 1723441414278,
                "rawEndTime": 1723441414404,
                "thinkTime": 0.0,
                "wastedTime": 0.09236645698547363
            },
            {
                "transactionName": "SC01_Banking_T02_Click_Open_Account",
                "rawStartTime": 1723441416412,
                "rawEndTime": 1723441416457,
                "thinkTime": 0.0,
                "wastedTime": 0.007249593734741211
            },
            {
                "transactionName": "SC01_Banking_T03_Click_Submit",
                "rawStartTime": 1723441418467,
                "rawEndTime": 1723441418610,
                "thinkTime": 0.0,
                "wastedTime": 0.008432865142822266
            },
            {
                "transactionName": "SC01_Banking_T04_Click_confirm",
                "rawStartTime": 1723441420621,
                "rawEndTime": 1723441420672,
                "thinkTime": 0.0,
                "wastedTime": 0.008030891418457032
            },
            {
                "transactionName": "SC01_Banking_T05_Click_OK",
                "rawStartTime": 1723441456013,
                "rawEndTime": 1723441456069,
                "thinkTime": 0.0,
                "wastedTime": 0.005555629730224609
            }
        ]
    }
]