[
    {
        "actionName": "Action",
        "steps": [
            {
                "stepId": "STEP4",
                "stepName": "Submit Data: staff_profile.php_2",
                "infFile": "t4.inf",
                "time": 1723100045709
            },
            {
                "stepId": "STEP5",
                "stepName": "Submit Data: pending_customers.php",
                "infFile": "t9.inf",
                "time": 1723100047891
            }
        ],
        "transactions": [
            {
                "transactionName": "SC02_Banking_T04_Click_Approve_pending_Acc",
                "rawStartTime": 1723100045601,
                "rawEndTime": 1723100045727,
                "thinkTime": 0.0,
                "wastedTime": 0.01296377182006836
            },
            {
                "transactionName": "SC02_Banking_T05_Search_Application_number",
                "rawStartTime": 1723100047748,
                "rawEndTime": 1723100047892,
                "thinkTime": 0.0,
                "wastedTime": 0.014297008514404297
            }
        ]
    }
]