[
    {
        "actionName": "vuser_end",
        "steps": [
            {
                "stepId": "STEP6",
                "stepName": "Url: staff_logout.php",
                "infFile": "t10.inf",
                "time": 1723100047925
            }
        ],
        "transactions": [
            {
                "transactionName": "SC02_Banking_T07_Logout",
                "rawStartTime": 1723100047897,
                "rawEndTime": 1723100047925,
                "thinkTime": 0.0,
                "wastedTime": 0.008338689804077149
            }
        ]
    }
]