[
    {
        "actionName": "vuser_init",
        "steps": [
            {
                "stepId": "STEP1",
                "stepName": "Url: banking",
                "infFile": "t1.inf",
                "time": 1723100039334
            },
            {
                "stepId": "STEP2",
                "stepName": "Url: Staff Login",
                "infFile": "t2.inf",
                "time": 1723100041398
            },
            {
                "stepId": "STEP3",
                "stepName": "Submit Data: staff_login.php",
                "infFile": "t3.inf",
                "time": 1723100043475
            }
        ],
        "transactions": [
            {
                "transactionName": "SC02_Banking_T01_Launch_URL",
                "rawStartTime": 1723100039182,
                "rawEndTime": 1723100039338,
                "thinkTime": 0.0,
                "wastedTime": 0.120574951171875
            },
            {
                "transactionName": "SC02_Banking_T02_Staff_Login",
                "rawStartTime": 1723100041334,
                "rawEndTime": 1723100041399,
                "thinkTime": 0.0,
                "wastedTime": 0.01396799087524414
            },
            {
                "transactionName": "SC02_Banking_T03_Click_Login",
                "rawStartTime": 1723100043404,
                "rawEndTime": 1723100043475,
                "thinkTime": 0.0,
                "wastedTime": 0.021550655364990236
            }
        ]
    }
]