<?xml version="1.0" encoding="utf-8"?>
<VugenScriptMetadata>
  <ScriptName>Final_Assessment3</ScriptName>
  <Protocol>Web - HTTP/HTML</Protocol>
  <ActionFiles>
    <FileEntry Name="vuser_init.c" Filter="2" />
    <FileEntry Name="Action.c" Filter="2" />
    <FileEntry Name="vuser_end.c" Filter="2" />
  </ActionFiles>
  <GeneralFiles>
    <FileEntry Name="Final_Assessment3.usr" Filter="4" />
    <FileEntry Name="default.cfg" Filter="4" />
    <FileEntry Name="default.usp" Filter="4" />
    <FileEntry Name="Final_Assessment3.prm" Filter="2" />
    <FileEntry Name="globals.h" Filter="2" />
    <FileEntry Name="WebSocketBuffer.h" Filter="2" />
    <FileEntry Name="P_Name.dat" Filter="2" />
    <FileEntry Name="P_Password.dat" Filter="2" />
    <FileEntry Name="combined_Final_Assessment3.c" Filter="2" />
    <FileEntry Name="pre_cci.c" Filter="2" />
    <FileEntry Name="180884575440.idx" Filter="1" />
    <FileEntry Name="260262463440.idx" Filter="1" />
    <FileEntry Name="26026246344_6VX.60.idx" Filter="1" />
    <FileEntry Name="26026246344_6z1.598.idx" Filter="1" />
    <FileEntry Name="26026246344_cXh.154.idx" Filter="1" />
    <FileEntry Name="26026246344_E2U.580.idx" Filter="1" />
    <FileEntry Name="26026246344_euW.848.idx" Filter="1" />
    <FileEntry Name="26026246344_EWc.896.idx" Filter="1" />
    <FileEntry Name="26026246344_fym.616.idx" Filter="1" />
    <FileEntry Name="26026246344_i7B.698.idx" Filter="1" />
    <FileEntry Name="26026246344_Jcx.354.idx" Filter="1" />
    <FileEntry Name="26026246344_jv8.448.idx" Filter="1" />
    <FileEntry Name="26026246344_lPk.56.idx" Filter="1" />
    <FileEntry Name="26026246344_ltE.642.idx" Filter="1" />
    <FileEntry Name="26026246344_lub.168.idx" Filter="1" />
    <FileEntry Name="26026246344_m9z.22.idx" Filter="1" />
    <FileEntry Name="26026246344_NH3.902.idx" Filter="1" />
    <FileEntry Name="26026246344_nnW.578.idx" Filter="1" />
    <FileEntry Name="26026246344_nZj.286.idx" Filter="1" />
    <FileEntry Name="26026246344_PZb.786.idx" Filter="1" />
    <FileEntry Name="26026246344_Tke.984.idx" Filter="1" />
    <FileEntry Name="26026246344_UNw.264.idx" Filter="1" />
    <FileEntry Name="26026246344_Uty.794.idx" Filter="1" />
    <FileEntry Name="26026246344_VYp.516.idx" Filter="1" />
    <FileEntry Name="261777485440.idx" Filter="1" />
    <FileEntry Name="57689891440.idx" Filter="1" />
    <FileEntry Name="5768989144_0MZ.641.idx" Filter="1" />
    <FileEntry Name="5768989144_1ox.353.idx" Filter="1" />
    <FileEntry Name="5768989144_2NH.529.idx" Filter="1" />
    <FileEntry Name="5768989144_31C.573.idx" Filter="1" />
    <FileEntry Name="5768989144_6Ug.461.idx" Filter="1" />
    <FileEntry Name="5768989144_7CU.25.idx" Filter="1" />
    <FileEntry Name="5768989144_8ra.447.idx" Filter="1" />
    <FileEntry Name="5768989144_9yE.895.idx" Filter="1" />
    <FileEntry Name="5768989144_a3D.255.idx" Filter="1" />
    <FileEntry Name="5768989144_BcA.983.idx" Filter="1" />
    <FileEntry Name="5768989144_bRz.33.idx" Filter="1" />
    <FileEntry Name="5768989144_cLs.579.idx" Filter="1" />
    <FileEntry Name="5768989144_Cvf.21.idx" Filter="1" />
    <FileEntry Name="5768989144_dEl.615.idx" Filter="1" />
    <FileEntry Name="5768989144_FBD.737.idx" Filter="1" />
    <FileEntry Name="5768989144_fjQ.597.idx" Filter="1" />
    <FileEntry Name="5768989144_gEa.545.idx" Filter="1" />
    <FileEntry Name="5768989144_GHz.901.idx" Filter="1" />
    <FileEntry Name="5768989144_lje.511.idx" Filter="1" />
    <FileEntry Name="5768989144_LUu.961.idx" Filter="1" />
    <FileEntry Name="5768989144_Lx1.299.idx" Filter="1" />
    <FileEntry Name="5768989144_mOg.697.idx" Filter="1" />
    <FileEntry Name="5768989144_mtH.153.idx" Filter="1" />
    <FileEntry Name="5768989144_NBC.285.idx" Filter="1" />
    <FileEntry Name="5768989144_Nn7.59.idx" Filter="1" />
    <FileEntry Name="5768989144_nr0.167.idx" Filter="1" />
    <FileEntry Name="5768989144_Ow4.263.idx" Filter="1" />
    <FileEntry Name="5768989144_PBR.65.idx" Filter="1" />
    <FileEntry Name="5768989144_PtE.847.idx" Filter="1" />
    <FileEntry Name="5768989144_Q2r.605.idx" Filter="1" />
    <FileEntry Name="5768989144_qGY.283.idx" Filter="1" />
    <FileEntry Name="5768989144_QTM.785.idx" Filter="1" />
    <FileEntry Name="5768989144_RfF.793.idx" Filter="1" />
    <FileEntry Name="5768989144_Rkn.741.idx" Filter="1" />
    <FileEntry Name="5768989144_RMD.577.idx" Filter="1" />
    <FileEntry Name="5768989144_SqE.691.idx" Filter="1" />
    <FileEntry Name="5768989144_SU5.325.idx" Filter="1" />
    <FileEntry Name="5768989144_V12.567.idx" Filter="1" />
    <FileEntry Name="5768989144_v1P.395.idx" Filter="1" />
    <FileEntry Name="5768989144_vCV.207.idx" Filter="1" />
    <FileEntry Name="5768989144_wlb.937.idx" Filter="1" />
    <FileEntry Name="5768989144_wZG.55.idx" Filter="1" />
    <FileEntry Name="5768989144_xbe.167.idx" Filter="1" />
    <FileEntry Name="5768989144_Xvp.465.idx" Filter="1" />
    <FileEntry Name="5768989144_yCg.955.idx" Filter="1" />
    <FileEntry Name="5768989144_yJT.515.idx" Filter="1" />
    <FileEntry Name="5768989144_yr8.89.idx" Filter="1" />
    <FileEntry Name="5768989144_z4W.243.idx" Filter="1" />
    <FileEntry Name="Bookmarks.xml" Filter="1" />
    <FileEntry Name="Breakpoints.xml" Filter="1" />
    <FileEntry Name="CompilerLogMetadata.xml" Filter="1" />
    <FileEntry Name="custom_body_variables.txt" Filter="1" />
    <FileEntry Name="Final_Assessment3.c.pickle" Filter="1" />
    <FileEntry Name="Final_Assessment3.ci" Filter="1" />
    <FileEntry Name="Final_Assessment3.prm.bak" Filter="1" />
    <FileEntry Name="logfile.log" Filter="1" />
    <FileEntry Name="lrw_custom_body.h" Filter="1" />
    <FileEntry Name="mdrv.log" Filter="1" />
    <FileEntry Name="mdrv2tw.579.log" Filter="1" />
    <FileEntry Name="mdrv57N.849.log" Filter="1" />
    <FileEntry Name="mdrvg1b.497.log" Filter="1" />
    <FileEntry Name="mdrvg5V.211.log" Filter="1" />
    <FileEntry Name="mdrvhXm.589.log" Filter="1" />
    <FileEntry Name="mdrvI7R.393.log" Filter="1" />
    <FileEntry Name="mdrvib5.671.log" Filter="1" />
    <FileEntry Name="mdrvkfj.759.log" Filter="1" />
    <FileEntry Name="mdrvkj2.47.log" Filter="1" />
    <FileEntry Name="mdrvMBI.775.log" Filter="1" />
    <FileEntry Name="mdrvNlM.721.log" Filter="1" />
    <FileEntry Name="mdrvo5N.159.log" Filter="1" />
    <FileEntry Name="mdrvSR2.737.log" Filter="1" />
    <FileEntry Name="mdrvtss.549.log" Filter="1" />
    <FileEntry Name="mdrvyuF.783.log" Filter="1" />
    <FileEntry Name="mdrv_cmd.txt" Filter="1" />
    <FileEntry Name="NewParam.dat" Filter="1" />
    <FileEntry Name="NewParam_1.dat" Filter="1" />
    <FileEntry Name="options.txt" Filter="1" />
    <FileEntry Name="output.bak" Filter="1" />
    <FileEntry Name="output.txt" Filter="1" />
    <FileEntry Name="OutputColoringDatabase.json" Filter="1" />
    <FileEntry Name="P_AccountNo.dat" Filter="1" />
    <FileEntry Name="P_MobNo.dat" Filter="1" />
    <FileEntry Name="P_PanNo.dat" Filter="1" />
    <FileEntry Name="ReplaySummaryReport.xml" Filter="1" />
    <FileEntry Name="ScriptUploadMetadata.xml" Filter="1" />
    <FileEntry Name="ThumbnailsCache.tmp" Filter="1" />
    <FileEntry Name="UserTasks.xml" Filter="1" />
    <FileEntry Name="data\" Filter="1" />
    <FileEntry Name="result1\" Filter="1" />
  </GeneralFiles>
</VugenScriptMetadata>