[
    {
        "actionName": "Action",
        "steps": [
            {
                "stepId": "STEP6",
                "stepName": "Url: banking",
                "infFile": "t1.inf",
                "time": 1723441456382
            },
            {
                "stepId": "STEP7",
                "stepName": "Url: Open Account",
                "infFile": "t2.inf",
                "time": 1723441458523
            },
            {
                "stepId": "STEP8",
                "stepName": "Submit Data: customer_reg_form.php",
                "infFile": "t3.inf",
                "time": 1723441461174
            },
            {
                "stepId": "STEP9",
                "stepName": "Submit Data: cust_regfrm_confirm.php",
                "infFile": "t4.inf",
                "time": 1723441463330
            },
            {
                "stepId": "STEP10",
                "stepName": "Url: Home",
                "infFile": "t5.inf",
                "time": 1723441465453
            }
        ],
        "transactions": [
            {
                "transactionName": "SC01_Banking_T01_Launch_URL",
                "rawStartTime": 1723441456324,
                "rawEndTime": 1723441456405,
                "thinkTime": 0.0,
                "wastedTime": 0.014922857284545899
            },
            {
                "transactionName": "SC01_Banking_T02_Click_Open_Account",
                "rawStartTime": 1723441458435,
                "rawEndTime": 1723441458546,
                "thinkTime": 0.0,
                "wastedTime": 0.011678695678710938
            },
            {
                "transactionName": "SC01_Banking_T03_Click_Submit",
                "rawStartTime": 1723441460604,
                "rawEndTime": 1723441461205,
                "thinkTime": 0.0,
                "wastedTime": 0.014395713806152344
            },
            {
                "transactionName": "SC01_Banking_T04_Click_confirm",
                "rawStartTime": 1723441463253,
                "rawEndTime": 1723441463349,
                "thinkTime": 0.0,
                "wastedTime": 0.008875131607055664
            },
            {
                "transactionName": "SC01_Banking_T05_Click_OK",
                "rawStartTime": 1723441465401,
                "rawEndTime": 1723441465480,
                "thinkTime": 0.0,
                "wastedTime": 0.008703470230102539
            }
        ]
    }
]