{
  "FilterHeaders": [
    {
      "Header": "user-agent",
      "IncludeInScript": false
    },
    {
      "Header": "upgrade-insecure-requests",
      "IncludeInScript": false
    },
    {
      "Header": "sec-gpc",
      "IncludeInScript": false
    },
    {
      "Header": "priority",
      "IncludeInScript": false
    },
    {
      "Header": "origin",
      "IncludeInScript": false
    },
    {
      "Header": "dnt",
      "IncludeInScript": false
    },
    {
      "Header": "accept-language",
      "IncludeInScript": true
    },
    {
      "Header": "accept-encoding",
      "IncludeInScript": false
    },
    {
      "Header": "accept",
      "IncludeInScript": false
    }
  ],
  "FilterResources": [
    {
      "IsNonResource": true,
      "type": "text/html"
    },
    {
      "IsNonResource": false,
      "type": "text/css"
    },
    {
      "IsNonResource": false,
      "type": "image/x-icon"
    },
    {
      "IsNonResource": false,
      "type": "image/png"
    },
    {
      "IsNonResource": false,
      "type": "image/jpeg"
    }
  ],
  "GeneralInfo": {
    "BrowserVersion": "",
    "IsWinInetMode": false,
    "MaxUsedConnections": 17,
    "RecordedBrowser": "Firefox",
    "RecordingDate": "Aug-01-2024",
    "RecordingDuration": 763031,
    "RecordingMode": "N/A",
    "RecordingTimeStamp": 1722480132,
    "RecordingType": "Browser",
    "TotalBytesReceived": 213041,
    "TotalBytesSent": 13740,
    "TotalRequests": 29,
    "UserAgent": "Mozilla/5.0 (Windows NT 10.0; Win64; x64; rv:128.0) Gecko/20100101 Firefox/128.0"
  },
  "HostInfo": [
    {
      "DomainName": "mozilla.org",
      "Domains": [
        {
          "HTTPVersion": "HTTP/1.1",
          "IP": "34.120.208.123",
          "IncludeInScript": false,
          "Name": "incoming.telemetry.mozilla.org",
          "Port": 443,
          "Requests": [
            {
              "CompressionType": "gzip",
              "DataType": "text/plain",
              "DownloadTime": 297,
              "EventId": 174,
              "HttpStatus": 200,
              "Size": 0,
              "URL": "https://incoming.telemetry.mozilla.org/submit/firefox-desktop/baseline/1/3369897b-50b1-4104-b7c0-309141b15078"
            },
            {
              "CompressionType": "gzip",
              "DataType": "text/plain",
              "DownloadTime": 375,
              "EventId": 171,
              "HttpStatus": 200,
              "Size": 0,
              "URL": "https://incoming.telemetry.mozilla.org/submit/firefox-desktop/newtab/1/0e16b9d1-2472-4a06-b3fd-4f0ac0eb8413"
            },
            {
              "CompressionType": "gzip",
              "DataType": "text/plain",
              "DownloadTime": 313,
              "EventId": 155,
              "HttpStatus": 200,
              "Size": 0,
              "URL": "https://incoming.telemetry.mozilla.org/submit/firefox-desktop/pageload/1/32112351-dd9f-43d4-9fa9-d0880a2a47b7"
            },
            {
              "CompressionType": "gzip",
              "DataType": "text/plain",
              "DownloadTime": 297,
              "EventId": 149,
              "HttpStatus": 200,
              "Size": 0,
              "URL": "https://incoming.telemetry.mozilla.org/submit/firefox-desktop/use-counters/1/557051f6-fd1b-4079-8088-a0610525047a"
            },
            {
              "CompressionType": "gzip",
              "DataType": "text/plain",
              "DownloadTime": 281,
              "EventId": 143,
              "HttpStatus": 200,
              "Size": 0,
              "URL": "https://incoming.telemetry.mozilla.org/submit/firefox-desktop/newtab/1/128af72d-eb3a-4fb0-99f2-ce6fd9ece42b"
            }
          ],
          "SSLCipher": "TLS_AES_256_GCM_SHA384",
          "SSLVersion": "TLS1.3"
        },
        {
          "HTTPVersion": "HTTP/1.1",
          "IP": "35.244.181.201",
          "IncludeInScript": false,
          "Name": "aus5.mozilla.org",
          "Port": 443,
          "Requests": [
            {
              "CompressionType": "",
              "DataType": "text/xml",
              "DownloadTime": 281,
              "EventId": 152,
              "HttpStatus": 200,
              "Size": 42,
              "URL": "https://aus5.mozilla.org/update/6/Firefox/128.0.3/20240725162350/WINNT_x86_64-msvc-x64/en-US/release/Windows_NT%252010.0.0.0.20348.887%2520(x64)/ISET%3ASSE4_2%2CMEM%3A16196/default/default/update.xml?force=1"
            }
          ],
          "SSLCipher": "TLS_AES_256_GCM_SHA384",
          "SSLVersion": "TLS1.3"
        }
      ],
      "IncludeInScript": true
    },
    {
      "DomainName": "mozilla.com",
      "Domains": [
        {
          "HTTPVersion": "HTTP/1.1",
          "IP": "34.107.243.93",
          "IncludeInScript": false,
          "Name": "push.services.mozilla.com",
          "Port": 443,
          "Requests": [
            {
              "CompressionType": "",
              "DataType": "",
              "DownloadTime": 250,
              "EventId": 140,
              "HttpStatus": 101,
              "Size": 0,
              "URL": "https://push.services.mozilla.com/"
            }
          ],
          "SSLCipher": "TLS_AES_256_GCM_SHA384",
          "SSLVersion": "TLS1.3"
        }
      ],
      "IncludeInScript": false
    },
    {
      "DomainName": "localhost",
      "Domains": [
        {
          "HTTPVersion": "HTTP/1.1",
          "IP": "[::1]",
          "IncludeInScript": true,
          "Name": "localhost",
          "Port": 80,
          "Requests": [
            {
              "CompressionType": "",
              "DataType": "text/html",
              "DownloadTime": 15,
              "EventId": 443,
              "HttpStatus": 200,
              "Size": 3887,
              "URL": "http://localhost/banking/customer_login.php"
            },
            {
              "CompressionType": "",
              "DataType": "text/html",
              "DownloadTime": 0,
              "EventId": 441,
              "HttpStatus": 302,
              "Size": 0,
              "URL": "http://localhost/banking/customer_logout.php"
            },
            {
              "CompressionType": "",
              "DataType": "text/css",
              "DownloadTime": 16,
              "EventId": 431,
              "HttpStatus": 200,
              "Size": 582,
              "URL": "http://localhost/banking/css/customer_profile_myacc.css"
            },
            {
              "CompressionType": "",
              "DataType": "text/html",
              "DownloadTime": 31,
              "EventId": 429,
              "HttpStatus": 200,
              "Size": 5923,
              "URL": "http://localhost/banking/customer_profile_myacc.php"
            },
            {
              "CompressionType": "",
              "DataType": "image/jpeg",
              "DownloadTime": 16,
              "EventId": 401,
              "HttpStatus": 200,
              "Size": 8371,
              "URL": "http://localhost/banking/img/customers/No_image.jpg"
            },
            {
              "CompressionType": "",
              "DataType": "text/css",
              "DownloadTime": 15,
              "EventId": 399,
              "HttpStatus": 200,
              "Size": 1225,
              "URL": "http://localhost/banking/css/customer_profile.css"
            },
            {
              "CompressionType": "",
              "DataType": "text/css",
              "DownloadTime": 0,
              "EventId": 395,
              "HttpStatus": 200,
              "Size": 1152,
              "URL": "http://localhost/banking/css/customer_profile_header.css"
            },
            {
              "CompressionType": "",
              "DataType": "text/html",
              "DownloadTime": 62,
              "EventId": 393,
              "HttpStatus": 200,
              "Size": 5849,
              "URL": "http://localhost/banking/customer_profile.php"
            },
            {
              "CompressionType": "",
              "DataType": "text/html",
              "DownloadTime": 0,
              "EventId": 391,
              "HttpStatus": 302,
              "Size": 4025,
              "URL": "http://localhost/banking/customer_login.php"
            },
            {
              "CompressionType": "",
              "DataType": "text/html",
              "DownloadTime": 0,
              "EventId": 381,
              "HttpStatus": 200,
              "Size": 4257,
              "URL": "http://localhost/banking/customer_login.php"
            },
            {
              "CompressionType": "",
              "DataType": "image/png",
              "DownloadTime": 0,
              "EventId": 353,
              "HttpStatus": 200,
              "Size": 28850,
              "URL": "http://localhost/banking/img/home-logo-hi.png"
            },
            {
              "CompressionType": "",
              "DataType": "text/css",
              "DownloadTime": 16,
              "EventId": 350,
              "HttpStatus": 200,
              "Size": 2248,
              "URL": "http://localhost/banking/css/customer_login.css"
            },
            {
              "CompressionType": "",
              "DataType": "text/html",
              "DownloadTime": 16,
              "EventId": 348,
              "HttpStatus": 200,
              "Size": 3887,
              "URL": "http://localhost/banking/customer_login.php"
            },
            {
              "CompressionType": "",
              "DataType": "text/html",
              "DownloadTime": 0,
              "EventId": 340,
              "HttpStatus": 200,
              "Size": 6145,
              "URL": "http://localhost/banking/index.php"
            },
            {
              "CompressionType": "",
              "DataType": "text/html",
              "DownloadTime": 0,
              "EventId": 313,
              "HttpStatus": 200,
              "Size": 4453,
              "URL": "http://localhost/banking/ebanking_reg_form.php"
            },
            {
              "CompressionType": "",
              "DataType": "text/html",
              "DownloadTime": 16,
              "EventId": 260,
              "HttpStatus": 404,
              "Size": 295,
              "URL": "http://localhost/banking/css/img/regform_bg.JPG"
            },
            {
              "CompressionType": "",
              "DataType": "text/css",
              "DownloadTime": 0,
              "EventId": 258,
              "HttpStatus": 200,
              "Size": 1292,
              "URL": "http://localhost/banking/css/ebanking_reg_form.css"
            },
            {
              "CompressionType": "",
              "DataType": "text/html",
              "DownloadTime": 0,
              "EventId": 256,
              "HttpStatus": 200,
              "Size": 4180,
              "URL": "http://localhost/banking/ebanking_reg_form.php"
            },
            {
              "CompressionType": "",
              "DataType": "text/html",
              "DownloadTime": 0,
              "EventId": 232,
              "HttpStatus": 200,
              "Size": 6145,
              "URL": "http://localhost/banking/index.php"
            },
            {
              "CompressionType": "",
              "DataType": "text/html",
              "DownloadTime": 16,
              "EventId": 221,
              "HttpStatus": 200,
              "Size": 3608,
              "URL": "http://localhost/banking/debit_card_form.php"
            },
            {
              "CompressionType": "",
              "DataType": "image/x-icon",
              "DownloadTime": 16,
              "EventId": 184,
              "HttpStatus": 200,
              "Size": 30894,
              "URL": "http://localhost/favicon.ico"
            },
            {
              "CompressionType": "",
              "DataType": "text/css",
              "DownloadTime": 0,
              "EventId": 182,
              "HttpStatus": 200,
              "Size": 1007,
              "URL": "http://localhost/banking/css/debit_card_form.css"
            },
            {
              "CompressionType": "",
              "DataType": "text/html",
              "DownloadTime": 0,
              "EventId": 180,
              "HttpStatus": 200,
              "Size": 3394,
              "URL": "http://localhost/banking/debit_card_form.php"
            },
            {
              "CompressionType": "",
              "DataType": "text/css",
              "DownloadTime": 0,
              "EventId": 70,
              "HttpStatus": 200,
              "Size": 2300,
              "URL": "http://localhost/banking/css/footer.css"
            },
            {
              "CompressionType": "",
              "DataType": "image/jpeg",
              "DownloadTime": 0,
              "EventId": 65,
              "HttpStatus": 200,
              "Size": 51031,
              "URL": "http://localhost/banking/img/onbnk.jpg"
            },
            {
              "CompressionType": "",
              "DataType": "image/jpeg",
              "DownloadTime": 15,
              "EventId": 62,
              "HttpStatus": 200,
              "Size": 15800,
              "URL": "http://localhost/banking/img/chase.jpg"
            },
            {
              "CompressionType": "",
              "DataType": "text/css",
              "DownloadTime": 16,
              "EventId": 60,
              "HttpStatus": 200,
              "Size": 2444,
              "URL": "http://localhost/banking/css/header.css"
            },
            {
              "CompressionType": "",
              "DataType": "text/css",
              "DownloadTime": 0,
              "EventId": 58,
              "HttpStatus": 200,
              "Size": 3652,
              "URL": "http://localhost/banking/css/index.css"
            },
            {
              "CompressionType": "",
              "DataType": "text/html",
              "DownloadTime": 16,
              "EventId": 34,
              "HttpStatus": 200,
              "Size": 6145,
              "URL": "http://localhost/banking/"
            }
          ],
          "SSLCipher": "None",
          "SSLVersion": "None"
        }
      ],
      "IncludeInScript": true
    },
    {
      "DomainName": "lencr.org",
      "Domains": [
        {
          "HTTPVersion": "HTTP/1.1",
          "IP": "104.115.39.72",
          "IncludeInScript": false,
          "Name": "r10.o.lencr.org",
          "Port": 80,
          "Requests": [
            {
              "CompressionType": "",
              "DataType": "application/ocsp-response",
              "DownloadTime": 0,
              "EventId": 289,
              "HttpStatus": 200,
              "Size": 5,
              "URL": "http://r10.o.lencr.org/"
            },
            {
              "CompressionType": "",
              "DataType": "application/ocsp-response",
              "DownloadTime": 15,
              "EventId": 122,
              "HttpStatus": 200,
              "Size": 5,
              "URL": "http://r10.o.lencr.org/"
            },
            {
              "CompressionType": "",
              "DataType": "application/ocsp-response",
              "DownloadTime": 344,
              "EventId": 88,
              "HttpStatus": 200,
              "Size": 5,
              "URL": "http://r10.o.lencr.org/"
            }
          ],
          "SSLCipher": "None",
          "SSLVersion": "None"
        }
      ],
      "IncludeInScript": true
    },
    {
      "DomainName": "firefox.com",
      "Domains": [
        {
          "HTTPVersion": "HTTP/1.1",
          "IP": "34.107.221.82",
          "IncludeInScript": false,
          "Name": "detectportal.firefox.com",
          "Port": 80,
          "Requests": [
            {
              "CompressionType": "",
              "DataType": "text/plain",
              "DownloadTime": 16,
              "EventId": 202,
              "HttpStatus": 200,
              "Size": 8,
              "URL": "http://detectportal.firefox.com/success.txt?ipv4"
            },
            {
              "CompressionType": "",
              "DataType": "text/html",
              "DownloadTime": 15,
              "EventId": 192,
              "HttpStatus": 200,
              "Size": 90,
              "URL": "http://detectportal.firefox.com/canonical.html"
            },
            {
              "CompressionType": "",
              "DataType": "text/plain",
              "DownloadTime": 16,
              "EventId": 126,
              "HttpStatus": 200,
              "Size": 8,
              "URL": "http://detectportal.firefox.com/success.txt?ipv4"
            },
            {
              "CompressionType": "",
              "DataType": "text/plain",
              "DownloadTime": 16,
              "EventId": 54,
              "HttpStatus": 200,
              "Size": 8,
              "URL": "http://detectportal.firefox.com/success.txt?ipv4"
            },
            {
              "CompressionType": "",
              "DataType": "text/html",
              "DownloadTime": 16,
              "EventId": 32,
              "HttpStatus": 200,
              "Size": 90,
              "URL": "http://detectportal.firefox.com/canonical.html"
            }
          ],
          "SSLCipher": "None",
          "SSLVersion": "None"
        }
      ],
      "IncludeInScript": true
    },
    {
      "DomainName": "digicert.com",
      "Domains": [
        {
          "HTTPVersion": "HTTP/1.1",
          "IP": "152.195.38.76",
          "IncludeInScript": false,
          "Name": "ocsp.digicert.com",
          "Port": 80,
          "Requests": [
            {
              "CompressionType": "",
              "DataType": "application/ocsp-response",
              "DownloadTime": 547,
              "EventId": 147,
              "HttpStatus": 200,
              "Size": 5,
              "URL": "http://ocsp.digicert.com/"
            },
            {
              "CompressionType": "",
              "DataType": "application/ocsp-response",
              "DownloadTime": 15,
              "EventId": 134,
              "HttpStatus": 200,
              "Size": 5,
              "URL": "http://ocsp.digicert.com/"
            }
          ],
          "SSLCipher": "None",
          "SSLVersion": "None"
        }
      ],
      "IncludeInScript": true
    }
  ],
  "WebSocket": {
    "IncludeInScript": false,
    "IsScriptIncludeWebSocket": true
  },
  "NumberOfCorrelations": 1
}