﻿<DataObject comparison="Ordinal">
  <Section id="">
    <Subsections>
      <Section id="General">
        <Subsections />
        <Entries>
          <Entry key="ElapsedTime">
            <double>51.6371641</double>
          </Entry>
          <Entry key="StartedAt">
            <dateTime>2024-08-12T05:43:34.0338002+00:00</dateTime>
          </Entry>
          <Entry key="EndedAt">
            <dateTime>2024-08-12T05:44:25.6709643+00:00</dateTime>
          </Entry>
          <Entry key="ReplayStatus">
            <LastReplayRunStatus>Passed</LastReplayRunStatus>
          </Entry>
          <Entry key="NumberOfReplayErrors">
            <int>0</int>
          </Entry>
          <Entry key="NumberOfReplayCriticalErrors">
            <int>0</int>
          </Entry>
          <Entry key="NumberOfCompilationErrors">
            <int>0</int>
          </Entry>
        </Entries>
      </Section>
    </Subsections>
    <Entries>
      <Entry key="Iterations">
        <int>2</int>
      </Entry>
    </Entries>
  </Section>
</DataObject>