<?xml version="1.0" encoding="utf-8"?>
<VugenScriptMetadata>
  <ScriptName>Final_Assessment1</ScriptName>
  <Protocol>Web - HTTP/HTML</Protocol>
  <ActionFiles>
    <FileEntry Name="vuser_init.c" Filter="2" />
    <FileEntry Name="Action.c" Filter="2" />
    <FileEntry Name="vuser_end.c" Filter="2" />
  </ActionFiles>
  <GeneralFiles>
    <FileEntry Name="Final_Assessment1.usr" Filter="4" />
    <FileEntry Name="default.cfg" Filter="4" />
    <FileEntry Name="default.usp" Filter="4" />
    <FileEntry Name="Final_Assessment1.prm" Filter="2" />
    <FileEntry Name="globals.h" Filter="2" />
    <FileEntry Name="WebSocketBuffer.h" Filter="2" />
    <FileEntry Name="WebSocketCB.c" Filter="2" />
    <FileEntry Name="P_Email.dat" Filter="2" />
    <FileEntry Name="P_Name.dat" Filter="2" />
    <FileEntry Name="P_HomeAdd.dat" Filter="2" />
    <FileEntry Name="P_OfficeAdd.dat" Filter="2" />
    <FileEntry Name="combined_Final_Assessment1.c" Filter="2" />
    <FileEntry Name="pre_cci.c" Filter="2" />
    <FileEntry Name="183811509440.idx" Filter="1" />
    <FileEntry Name="18381150944_06D.580.idx" Filter="1" />
    <FileEntry Name="18381150944_0Cc.272.idx" Filter="1" />
    <FileEntry Name="18381150944_0cr.624.idx" Filter="1" />
    <FileEntry Name="18381150944_0jp.858.idx" Filter="1" />
    <FileEntry Name="18381150944_0S0.520.idx" Filter="1" />
    <FileEntry Name="18381150944_1fs.986.idx" Filter="1" />
    <FileEntry Name="18381150944_1O9.356.idx" Filter="1" />
    <FileEntry Name="18381150944_1PS.956.idx" Filter="1" />
    <FileEntry Name="18381150944_26u.244.idx" Filter="1" />
    <FileEntry Name="18381150944_2hV.516.idx" Filter="1" />
    <FileEntry Name="18381150944_2Mg.550.idx" Filter="1" />
    <FileEntry Name="18381150944_31F.362.idx" Filter="1" />
    <FileEntry Name="18381150944_38H.898.idx" Filter="1" />
    <FileEntry Name="18381150944_3FI.574.idx" Filter="1" />
    <FileEntry Name="18381150944_3iU.996.idx" Filter="1" />
    <FileEntry Name="18381150944_3vO.488.idx" Filter="1" />
    <FileEntry Name="18381150944_3wS.542.idx" Filter="1" />
    <FileEntry Name="18381150944_4Ct.418.idx" Filter="1" />
    <FileEntry Name="18381150944_4HO.596.idx" Filter="1" />
    <FileEntry Name="18381150944_4LV.758.idx" Filter="1" />
    <FileEntry Name="18381150944_53X.698.idx" Filter="1" />
    <FileEntry Name="18381150944_7cq.666.idx" Filter="1" />
    <FileEntry Name="18381150944_7E7.784.idx" Filter="1" />
    <FileEntry Name="18381150944_7fQ.334.idx" Filter="1" />
    <FileEntry Name="18381150944_8SZ.548.idx" Filter="1" />
    <FileEntry Name="18381150944_91e.374.idx" Filter="1" />
    <FileEntry Name="18381150944_A1o.422.idx" Filter="1" />
    <FileEntry Name="18381150944_aeX.434.idx" Filter="1" />
    <FileEntry Name="18381150944_B5V.796.idx" Filter="1" />
    <FileEntry Name="18381150944_BCQ.24.idx" Filter="1" />
    <FileEntry Name="18381150944_bn1.372.idx" Filter="1" />
    <FileEntry Name="18381150944_C1N.474.idx" Filter="1" />
    <FileEntry Name="18381150944_c9E.336.idx" Filter="1" />
    <FileEntry Name="18381150944_Caw.444.idx" Filter="1" />
    <FileEntry Name="18381150944_cci.10.idx" Filter="1" />
    <FileEntry Name="18381150944_ckk.638.idx" Filter="1" />
    <FileEntry Name="18381150944_cn9.720.idx" Filter="1" />
    <FileEntry Name="18381150944_cTe.508.idx" Filter="1" />
    <FileEntry Name="18381150944_CXM.686.idx" Filter="1" />
    <FileEntry Name="18381150944_cZS.612.idx" Filter="1" />
    <FileEntry Name="18381150944_db9.698.idx" Filter="1" />
    <FileEntry Name="18381150944_DgP.290.idx" Filter="1" />
    <FileEntry Name="18381150944_DWx.82.idx" Filter="1" />
    <FileEntry Name="18381150944_e7F.906.idx" Filter="1" />
    <FileEntry Name="18381150944_ECI.830.idx" Filter="1" />
    <FileEntry Name="18381150944_eIU.624.idx" Filter="1" />
    <FileEntry Name="18381150944_ek7.720.idx" Filter="1" />
    <FileEntry Name="18381150944_eMt.96.idx" Filter="1" />
    <FileEntry Name="18381150944_Enh.822.idx" Filter="1" />
    <FileEntry Name="18381150944_eoh.82.idx" Filter="1" />
    <FileEntry Name="18381150944_FB9.184.idx" Filter="1" />
    <FileEntry Name="18381150944_FC7.120.idx" Filter="1" />
    <FileEntry Name="18381150944_feb.612.idx" Filter="1" />
    <FileEntry Name="18381150944_fOh.180.idx" Filter="1" />
    <FileEntry Name="18381150944_fsF.958.idx" Filter="1" />
    <FileEntry Name="18381150944_GnD.770.idx" Filter="1" />
    <FileEntry Name="18381150944_GOm.548.idx" Filter="1" />
    <FileEntry Name="18381150944_gQ9.426.idx" Filter="1" />
    <FileEntry Name="18381150944_grv.326.idx" Filter="1" />
    <FileEntry Name="18381150944_guT.436.idx" Filter="1" />
    <FileEntry Name="18381150944_h4f.906.idx" Filter="1" />
    <FileEntry Name="18381150944_hAO.520.idx" Filter="1" />
    <FileEntry Name="18381150944_hbY.708.idx" Filter="1" />
    <FileEntry Name="18381150944_hcC.862.idx" Filter="1" />
    <FileEntry Name="18381150944_Hfa.158.idx" Filter="1" />
    <FileEntry Name="18381150944_I31.796.idx" Filter="1" />
    <FileEntry Name="18381150944_Ihr.140.idx" Filter="1" />
    <FileEntry Name="18381150944_Iiu.30.idx" Filter="1" />
    <FileEntry Name="18381150944_IWK.466.idx" Filter="1" />
    <FileEntry Name="18381150944_J2U.888.idx" Filter="1" />
    <FileEntry Name="18381150944_jmC.534.idx" Filter="1" />
    <FileEntry Name="18381150944_jVe.20.idx" Filter="1" />
    <FileEntry Name="18381150944_K4J.446.idx" Filter="1" />
    <FileEntry Name="18381150944_kqt.998.idx" Filter="1" />
    <FileEntry Name="18381150944_ksO.928.idx" Filter="1" />
    <FileEntry Name="18381150944_kW2.682.idx" Filter="1" />
    <FileEntry Name="18381150944_Kwr.850.idx" Filter="1" />
    <FileEntry Name="18381150944_l6q.730.idx" Filter="1" />
    <FileEntry Name="18381150944_LfR.184.idx" Filter="1" />
    <FileEntry Name="18381150944_lgB.152.idx" Filter="1" />
    <FileEntry Name="18381150944_LOs.628.idx" Filter="1" />
    <FileEntry Name="18381150944_lpH.272.idx" Filter="1" />
    <FileEntry Name="18381150944_lqK.362.idx" Filter="1" />
    <FileEntry Name="18381150944_Ls7.282.idx" Filter="1" />
    <FileEntry Name="18381150944_LVn.30.idx" Filter="1" />
    <FileEntry Name="18381150944_lY4.42.idx" Filter="1" />
    <FileEntry Name="18381150944_MBu.824.idx" Filter="1" />
    <FileEntry Name="18381150944_Mx1.106.idx" Filter="1" />
    <FileEntry Name="18381150944_nw3.270.idx" Filter="1" />
    <FileEntry Name="18381150944_O1H.680.idx" Filter="1" />
    <FileEntry Name="18381150944_O2b.262.idx" Filter="1" />
    <FileEntry Name="18381150944_Oaz.754.idx" Filter="1" />
    <FileEntry Name="18381150944_OBl.625.idx" Filter="1" />
    <FileEntry Name="18381150944_od7.984.idx" Filter="1" />
    <FileEntry Name="18381150944_ODn.152.idx" Filter="1" />
    <FileEntry Name="18381150944_oF3.188.idx" Filter="1" />
    <FileEntry Name="18381150944_OHA.674.idx" Filter="1" />
    <FileEntry Name="18381150944_Oiw.250.idx" Filter="1" />
    <FileEntry Name="18381150944_oTu.368.idx" Filter="1" />
    <FileEntry Name="18381150944_OyA.556.idx" Filter="1" />
    <FileEntry Name="18381150944_P2y.738.idx" Filter="1" />
    <FileEntry Name="18381150944_PIh.412.idx" Filter="1" />
    <FileEntry Name="18381150944_Pjv.976.idx" Filter="1" />
    <FileEntry Name="18381150944_Qex.868.idx" Filter="1" />
    <FileEntry Name="18381150944_qLZ.582.idx" Filter="1" />
    <FileEntry Name="18381150944_Qmy.632.idx" Filter="1" />
    <FileEntry Name="18381150944_qQK.820.idx" Filter="1" />
    <FileEntry Name="18381150944_r14.374.idx" Filter="1" />
    <FileEntry Name="18381150944_r1S.456.idx" Filter="1" />
    <FileEntry Name="18381150944_R9r.4.idx" Filter="1" />
    <FileEntry Name="18381150944_RDQ.38.idx" Filter="1" />
    <FileEntry Name="18381150944_Res.596.idx" Filter="1" />
    <FileEntry Name="18381150944_roQ.430.idx" Filter="1" />
    <FileEntry Name="18381150944_Rw6.704.idx" Filter="1" />
    <FileEntry Name="18381150944_S1Y.546.idx" Filter="1" />
    <FileEntry Name="18381150944_sGs.126.idx" Filter="1" />
    <FileEntry Name="18381150944_tK1.206.idx" Filter="1" />
    <FileEntry Name="18381150944_tqR.458.idx" Filter="1" />
    <FileEntry Name="18381150944_u18.334.idx" Filter="1" />
    <FileEntry Name="18381150944_UKi.502.idx" Filter="1" />
    <FileEntry Name="18381150944_VGT.250.idx" Filter="1" />
    <FileEntry Name="18381150944_VHT.224.idx" Filter="1" />
    <FileEntry Name="18381150944_VnM.538.idx" Filter="1" />
    <FileEntry Name="18381150944_Vyk.784.idx" Filter="1" />
    <FileEntry Name="18381150944_WdE.202.idx" Filter="1" />
    <FileEntry Name="18381150944_wsA.670.idx" Filter="1" />
    <FileEntry Name="18381150944_WVh.392.idx" Filter="1" />
    <FileEntry Name="18381150944_x51.610.idx" Filter="1" />
    <FileEntry Name="18381150944_xBU.944.idx" Filter="1" />
    <FileEntry Name="18381150944_xCr.936.idx" Filter="1" />
    <FileEntry Name="18381150944_Xer.552.idx" Filter="1" />
    <FileEntry Name="18381150944_yG4.946.idx" Filter="1" />
    <FileEntry Name="18381150944_yii.36.idx" Filter="1" />
    <FileEntry Name="18381150944_Ylw.902.idx" Filter="1" />
    <FileEntry Name="18381150944_Ynd.608.idx" Filter="1" />
    <FileEntry Name="18381150944_ySl.704.idx" Filter="1" />
    <FileEntry Name="18381150944_Yvg.260.idx" Filter="1" />
    <FileEntry Name="18381150944_Z0t.778.idx" Filter="1" />
    <FileEntry Name="18381150944_ZCK.990.idx" Filter="1" />
    <FileEntry Name="18381150944_zgx.268.idx" Filter="1" />
    <FileEntry Name="18381150944_ZHA.284.idx" Filter="1" />
    <FileEntry Name="18381150944_Zhx.298.idx" Filter="1" />
    <FileEntry Name="18381150944_zKF.316.idx" Filter="1" />
    <FileEntry Name="18381150944_ZpL.906.idx" Filter="1" />
    <FileEntry Name="18381150944_Zq0.624.idx" Filter="1" />
    <FileEntry Name="18381150944_zvP.486.idx" Filter="1" />
    <FileEntry Name="227665991440.idx" Filter="1" />
    <FileEntry Name="22766599144_0ay.988.idx" Filter="1" />
    <FileEntry Name="22766599144_0BA.926.idx" Filter="1" />
    <FileEntry Name="22766599144_0EO.610.idx" Filter="1" />
    <FileEntry Name="22766599144_0if.266.idx" Filter="1" />
    <FileEntry Name="22766599144_1a8.372.idx" Filter="1" />
    <FileEntry Name="22766599144_1Pl.678.idx" Filter="1" />
    <FileEntry Name="22766599144_1vr.934.idx" Filter="1" />
    <FileEntry Name="22766599144_25w.324.idx" Filter="1" />
    <FileEntry Name="22766599144_2Yc.820.idx" Filter="1" />
    <FileEntry Name="22766599144_31M.860.idx" Filter="1" />
    <FileEntry Name="22766599144_39O.752.idx" Filter="1" />
    <FileEntry Name="22766599144_3P0.314.idx" Filter="1" />
    <FileEntry Name="22766599144_3Qv.360.idx" Filter="1" />
    <FileEntry Name="22766599144_479.782.idx" Filter="1" />
    <FileEntry Name="22766599144_48K.428.idx" Filter="1" />
    <FileEntry Name="22766599144_48v.904.idx" Filter="1" />
    <FileEntry Name="22766599144_4oy.334.idx" Filter="1" />
    <FileEntry Name="22766599144_4Vc.34.idx" Filter="1" />
    <FileEntry Name="22766599144_5Fg.664.idx" Filter="1" />
    <FileEntry Name="22766599144_5UC.518.idx" Filter="1" />
    <FileEntry Name="22766599144_6CY.484.idx" Filter="1" />
    <FileEntry Name="22766599144_6f2.248.idx" Filter="1" />
    <FileEntry Name="22766599144_6MY.828.idx" Filter="1" />
    <FileEntry Name="22766599144_7K7.718.idx" Filter="1" />
    <FileEntry Name="22766599144_7kS.248.idx" Filter="1" />
    <FileEntry Name="22766599144_7O6.956.idx" Filter="1" />
    <FileEntry Name="22766599144_7pI.856.idx" Filter="1" />
    <FileEntry Name="22766599144_8Dv.554.idx" Filter="1" />
    <FileEntry Name="22766599144_90V.578.idx" Filter="1" />
    <FileEntry Name="22766599144_9ey.288.idx" Filter="1" />
    <FileEntry Name="22766599144_9io.696.idx" Filter="1" />
    <FileEntry Name="22766599144_9nX.182.idx" Filter="1" />
    <FileEntry Name="22766599144_9yi.944.idx" Filter="1" />
    <FileEntry Name="22766599144_aaK.756.idx" Filter="1" />
    <FileEntry Name="22766599144_AIw.104.idx" Filter="1" />
    <FileEntry Name="22766599144_AkG.222.idx" Filter="1" />
    <FileEntry Name="22766599144_AkG.454.idx" Filter="1" />
    <FileEntry Name="22766599144_aqG.532.idx" Filter="1" />
    <FileEntry Name="22766599144_AY8.794.idx" Filter="1" />
    <FileEntry Name="22766599144_Bmh.818.idx" Filter="1" />
    <FileEntry Name="22766599144_C3U.668.idx" Filter="1" />
    <FileEntry Name="22766599144_Cdn.464.idx" Filter="1" />
    <FileEntry Name="22766599144_dHM.270.idx" Filter="1" />
    <FileEntry Name="22766599144_dIo.736.idx" Filter="1" />
    <FileEntry Name="22766599144_Dpj.332.idx" Filter="1" />
    <FileEntry Name="22766599144_e2x.636.idx" Filter="1" />
    <FileEntry Name="22766599144_ecc.974.idx" Filter="1" />
    <FileEntry Name="22766599144_eDk.954.idx" Filter="1" />
    <FileEntry Name="22766599144_eef.776.idx" Filter="1" />
    <FileEntry Name="22766599144_Eik.28.idx" Filter="1" />
    <FileEntry Name="22766599144_Em2.424.idx" Filter="1" />
    <FileEntry Name="22766599144_F1T.150.idx" Filter="1" />
    <FileEntry Name="22766599144_Fd6.718.idx" Filter="1" />
    <FileEntry Name="22766599144_fFa.702.idx" Filter="1" />
    <FileEntry Name="22766599144_g7M.594.idx" Filter="1" />
    <FileEntry Name="22766599144_gAx.332.idx" Filter="1" />
    <FileEntry Name="22766599144_gor.80.idx" Filter="1" />
    <FileEntry Name="22766599144_gXl.182.idx" Filter="1" />
    <FileEntry Name="22766599144_h5L.606.idx" Filter="1" />
    <FileEntry Name="22766599144_hhX.996.idx" Filter="1" />
    <FileEntry Name="22766599144_HNX.622.idx" Filter="1" />
    <FileEntry Name="22766599144_I3b.156.idx" Filter="1" />
    <FileEntry Name="22766599144_ie8.434.idx" Filter="1" />
    <FileEntry Name="22766599144_J2C.204.idx" Filter="1" />
    <FileEntry Name="22766599144_j3c.366.idx" Filter="1" />
    <FileEntry Name="22766599144_JSj.982.idx" Filter="1" />
    <FileEntry Name="22766599144_Jus.942.idx" Filter="1" />
    <FileEntry Name="22766599144_JzB.18.idx" Filter="1" />
    <FileEntry Name="22766599144_k1U.200.idx" Filter="1" />
    <FileEntry Name="22766599144_kaS.550.idx" Filter="1" />
    <FileEntry Name="22766599144_KCu.540.idx" Filter="1" />
    <FileEntry Name="22766599144_km0.904.idx" Filter="1" />
    <FileEntry Name="22766599144_kym.622.idx" Filter="1" />
    <FileEntry Name="22766599144_L5G.536.idx" Filter="1" />
    <FileEntry Name="22766599144_lJh.296.idx" Filter="1" />
    <FileEntry Name="22766599144_lNj.390.idx" Filter="1" />
    <FileEntry Name="22766599144_LNL.260.idx" Filter="1" />
    <FileEntry Name="22766599144_LOz.8.idx" Filter="1" />
    <FileEntry Name="22766599144_lQf.904.idx" Filter="1" />
    <FileEntry Name="22766599144_Ls6.728.idx" Filter="1" />
    <FileEntry Name="22766599144_LvD.630.idx" Filter="1" />
    <FileEntry Name="22766599144_m1v.360.idx" Filter="1" />
    <FileEntry Name="22766599144_M4n.124.idx" Filter="1" />
    <FileEntry Name="22766599144_M4t.258.idx" Filter="1" />
    <FileEntry Name="22766599144_MCj.2.idx" Filter="1" />
    <FileEntry Name="22766599144_miA.768.idx" Filter="1" />
    <FileEntry Name="22766599144_MZC.518.idx" Filter="1" />
    <FileEntry Name="22766599144_N8e.28.idx" Filter="1" />
    <FileEntry Name="22766599144_neZ.623.idx" Filter="1" />
    <FileEntry Name="22766599144_NuQ.822.idx" Filter="1" />
    <FileEntry Name="22766599144_NxW.186.idx" Filter="1" />
    <FileEntry Name="22766599144_oLZ.486.idx" Filter="1" />
    <FileEntry Name="22766599144_Pjq.354.idx" Filter="1" />
    <FileEntry Name="22766599144_pJr.984.idx" Filter="1" />
    <FileEntry Name="22766599144_PpB.594.idx" Filter="1" />
    <FileEntry Name="22766599144_PtX.22.idx" Filter="1" />
    <FileEntry Name="22766599144_PV9.150.idx" Filter="1" />
    <FileEntry Name="22766599144_Pwk.696.idx" Filter="1" />
    <FileEntry Name="22766599144_PYC.684.idx" Filter="1" />
    <FileEntry Name="22766599144_QK7.370.idx" Filter="1" />
    <FileEntry Name="22766599144_qme.432.idx" Filter="1" />
    <FileEntry Name="22766599144_QqP.268.idx" Filter="1" />
    <FileEntry Name="22766599144_R93.680.idx" Filter="1" />
    <FileEntry Name="22766599144_Re1.442.idx" Filter="1" />
    <FileEntry Name="22766599144_RVb.622.idx" Filter="1" />
    <FileEntry Name="22766599144_RWF.706.idx" Filter="1" />
    <FileEntry Name="22766599144_RXG.410.idx" Filter="1" />
    <FileEntry Name="22766599144_S9w.270.idx" Filter="1" />
    <FileEntry Name="22766599144_SBl.886.idx" Filter="1" />
    <FileEntry Name="22766599144_sFn.242.idx" Filter="1" />
    <FileEntry Name="22766599144_TGq.994.idx" Filter="1" />
    <FileEntry Name="22766599144_TjD.546.idx" Filter="1" />
    <FileEntry Name="22766599144_tKJ.610.idx" Filter="1" />
    <FileEntry Name="22766599144_ton.94.idx" Filter="1" />
    <FileEntry Name="22766599144_tPD.472.idx" Filter="1" />
    <FileEntry Name="22766599144_TvT.36.idx" Filter="1" />
    <FileEntry Name="22766599144_txm.866.idx" Filter="1" />
    <FileEntry Name="22766599144_TxR.506.idx" Filter="1" />
    <FileEntry Name="22766599144_UGU.896.idx" Filter="1" />
    <FileEntry Name="22766599144_Unn.500.idx" Filter="1" />
    <FileEntry Name="22766599144_Usz.546.idx" Filter="1" />
    <FileEntry Name="22766599144_Uty.794.idx" Filter="1" />
    <FileEntry Name="22766599144_uUb.280.idx" Filter="1" />
    <FileEntry Name="22766599144_uup.80.idx" Filter="1" />
    <FileEntry Name="22766599144_uzQ.580.idx" Filter="1" />
    <FileEntry Name="22766599144_v8a.416.idx" Filter="1" />
    <FileEntry Name="22766599144_VF4.118.idx" Filter="1" />
    <FileEntry Name="22766599144_VKf.40.idx" Filter="1" />
    <FileEntry Name="22766599144_VN4.178.idx" Filter="1" />
    <FileEntry Name="22766599144_Vri.782.idx" Filter="1" />
    <FileEntry Name="22766599144_wNW.456.idx" Filter="1" />
    <FileEntry Name="22766599144_x9h.548.idx" Filter="1" />
    <FileEntry Name="22766599144_XC0.420.idx" Filter="1" />
    <FileEntry Name="22766599144_XD0.672.idx" Filter="1" />
    <FileEntry Name="22766599144_xGr.372.idx" Filter="1" />
    <FileEntry Name="22766599144_XNF.848.idx" Filter="1" />
    <FileEntry Name="22766599144_XoC.138.idx" Filter="1" />
    <FileEntry Name="22766599144_Xz4.572.idx" Filter="1" />
    <FileEntry Name="22766599144_yIt.702.idx" Filter="1" />
    <FileEntry Name="22766599144_yPd.900.idx" Filter="1" />
    <FileEntry Name="22766599144_YWm.544.idx" Filter="1" />
    <FileEntry Name="22766599144_zgj.282.idx" Filter="1" />
    <FileEntry Name="22766599144_zM9.514.idx" Filter="1" />
    <FileEntry Name="22766599144_ZMo.444.idx" Filter="1" />
    <FileEntry Name="22766599144_zNd.626.idx" Filter="1" />
    <FileEntry Name="22766599144_Zrb.608.idx" Filter="1" />
    <FileEntry Name="235585572440.idx" Filter="1" />
    <FileEntry Name="23558557244_0jV.549.idx" Filter="1" />
    <FileEntry Name="23558557244_0N8.671.idx" Filter="1" />
    <FileEntry Name="23558557244_0qH.885.idx" Filter="1" />
    <FileEntry Name="23558557244_0sZ.431.idx" Filter="1" />
    <FileEntry Name="23558557244_1Ln.259.idx" Filter="1" />
    <FileEntry Name="23558557244_2lK.7.idx" Filter="1" />
    <FileEntry Name="23558557244_2Vq.483.idx" Filter="1" />
    <FileEntry Name="23558557244_2zo.427.idx" Filter="1" />
    <FileEntry Name="23558557244_3j3.955.idx" Filter="1" />
    <FileEntry Name="23558557244_41h.1.idx" Filter="1" />
    <FileEntry Name="23558557244_4Rq.409.idx" Filter="1" />
    <FileEntry Name="23558557244_5cV.181.idx" Filter="1" />
    <FileEntry Name="23558557244_5ek.593.idx" Filter="1" />
    <FileEntry Name="23558557244_6go.269.idx" Filter="1" />
    <FileEntry Name="23558557244_6hK.79.idx" Filter="1" />
    <FileEntry Name="23558557244_6W9.609.idx" Filter="1" />
    <FileEntry Name="23558557244_7CW.369.idx" Filter="1" />
    <FileEntry Name="23558557244_7gf.695.idx" Filter="1" />
    <FileEntry Name="23558557244_8E8.781.idx" Filter="1" />
    <FileEntry Name="23558557244_8vE.973.idx" Filter="1" />
    <FileEntry Name="23558557244_9IZ.701.idx" Filter="1" />
    <FileEntry Name="23558557244_9v6.21.idx" Filter="1" />
    <FileEntry Name="23558557244_9yN.821.idx" Filter="1" />
    <FileEntry Name="23558557244_aex.295.idx" Filter="1" />
    <FileEntry Name="23558557244_B1k.767.idx" Filter="1" />
    <FileEntry Name="23558557244_B5e.471.idx" Filter="1" />
    <FileEntry Name="23558557244_bbH.423.idx" Filter="1" />
    <FileEntry Name="23558557244_bcS.817.idx" Filter="1" />
    <FileEntry Name="23558557244_Bdr.987.idx" Filter="1" />
    <FileEntry Name="23558557244_byq.903.idx" Filter="1" />
    <FileEntry Name="23558557244_C1B.545.idx" Filter="1" />
    <FileEntry Name="23558557244_C4F.751.idx" Filter="1" />
    <FileEntry Name="23558557244_CB9.455.idx" Filter="1" />
    <FileEntry Name="23558557244_Cjj.605.idx" Filter="1" />
    <FileEntry Name="23558557244_CXS.371.idx" Filter="1" />
    <FileEntry Name="23558557244_DCQ.517.idx" Filter="1" />
    <FileEntry Name="23558557244_djV.899.idx" Filter="1" />
    <FileEntry Name="23558557244_DS2.505.idx" Filter="1" />
    <FileEntry Name="23558557244_Ebb.149.idx" Filter="1" />
    <FileEntry Name="23558557244_ELO.389.idx" Filter="1" />
    <FileEntry Name="23558557244_elV.371.idx" Filter="1" />
    <FileEntry Name="23558557244_f0B.313.idx" Filter="1" />
    <FileEntry Name="23558557244_fij.155.idx" Filter="1" />
    <FileEntry Name="23558557244_Fio.727.idx" Filter="1" />
    <FileEntry Name="23558557244_fMW.221.idx" Filter="1" />
    <FileEntry Name="23558557244_FrN.463.idx" Filter="1" />
    <FileEntry Name="23558557244_fVv.331.idx" Filter="1" />
    <FileEntry Name="23558557244_GEK.39.idx" Filter="1" />
    <FileEntry Name="23558557244_gIN.553.idx" Filter="1" />
    <FileEntry Name="23558557244_Gnd.625.idx" Filter="1" />
    <FileEntry Name="23558557244_GNk.781.idx" Filter="1" />
    <FileEntry Name="23558557244_gnM.27.idx" Filter="1" />
    <FileEntry Name="23558557244_GoQ.199.idx" Filter="1" />
    <FileEntry Name="23558557244_Gqf.103.idx" Filter="1" />
    <FileEntry Name="23558557244_gR8.717.idx" Filter="1" />
    <FileEntry Name="23558557244_grK.545.idx" Filter="1" />
    <FileEntry Name="23558557244_H1P.995.idx" Filter="1" />
    <FileEntry Name="23558557244_hBo.775.idx" Filter="1" />
    <FileEntry Name="23558557244_hCk.323.idx" Filter="1" />
    <FileEntry Name="23558557244_hjG.543.idx" Filter="1" />
    <FileEntry Name="23558557244_Htn.433.idx" Filter="1" />
    <FileEntry Name="23558557244_hVD.695.idx" Filter="1" />
    <FileEntry Name="23558557244_HY4.499.idx" Filter="1" />
    <FileEntry Name="23558557244_HYc.267.idx" Filter="1" />
    <FileEntry Name="23558557244_I5L.953.idx" Filter="1" />
    <FileEntry Name="23558557244_I84.819.idx" Filter="1" />
    <FileEntry Name="23558557244_iba.123.idx" Filter="1" />
    <FileEntry Name="23558557244_iGa.513.idx" Filter="1" />
    <FileEntry Name="23558557244_iSZ.577.idx" Filter="1" />
    <FileEntry Name="23558557244_ixc.419.idx" Filter="1" />
    <FileEntry Name="23558557244_Izv.281.idx" Filter="1" />
    <FileEntry Name="23558557244_J0J.579.idx" Filter="1" />
    <FileEntry Name="23558557244_J1y.539.idx" Filter="1" />
    <FileEntry Name="23558557244_j4L.933.idx" Filter="1" />
    <FileEntry Name="23558557244_j4Q.241.idx" Filter="1" />
    <FileEntry Name="23558557244_jJw.993.idx" Filter="1" />
    <FileEntry Name="23558557244_joI.149.idx" Filter="1" />
    <FileEntry Name="23558557244_jsa.257.idx" Filter="1" />
    <FileEntry Name="23558557244_JuO.607.idx" Filter="1" />
    <FileEntry Name="23558557244_JYr.983.idx" Filter="1" />
    <FileEntry Name="23558557244_KA2.571.idx" Filter="1" />
    <FileEntry Name="23558557244_Kbw.287.idx" Filter="1" />
    <FileEntry Name="23558557244_kpg.701.idx" Filter="1" />
    <FileEntry Name="23558557244_kym.622.idx" Filter="1" />
    <FileEntry Name="23558557244_lEw.705.idx" Filter="1" />
    <FileEntry Name="23558557244_Lkb.247.idx" Filter="1" />
    <FileEntry Name="23558557244_Loc.755.idx" Filter="1" />
    <FileEntry Name="23558557244_LXi.443.idx" Filter="1" />
    <FileEntry Name="23558557244_M0m.635.idx" Filter="1" />
    <FileEntry Name="23558557244_M0Y.621.idx" Filter="1" />
    <FileEntry Name="23558557244_ME2.629.idx" Filter="1" />
    <FileEntry Name="23558557244_mQC.35.idx" Filter="1" />
    <FileEntry Name="23558557244_mRs.265.idx" Filter="1" />
    <FileEntry Name="23558557244_mtH.269.idx" Filter="1" />
    <FileEntry Name="23558557244_mWQ.679.idx" Filter="1" />
    <FileEntry Name="23558557244_N2T.793.idx" Filter="1" />
    <FileEntry Name="23558557244_n5b.677.idx" Filter="1" />
    <FileEntry Name="23558557244_nJG.117.idx" Filter="1" />
    <FileEntry Name="23558557244_nLJ.621.idx" Filter="1" />
    <FileEntry Name="23558557244_Nna.485.idx" Filter="1" />
    <FileEntry Name="23558557244_nuO.453.idx" Filter="1" />
    <FileEntry Name="23558557244_ob6.667.idx" Filter="1" />
    <FileEntry Name="23558557244_ocI.333.idx" Filter="1" />
    <FileEntry Name="23558557244_oJU.547.idx" Filter="1" />
    <FileEntry Name="23558557244_Orj.663.idx" Filter="1" />
    <FileEntry Name="23558557244_oVu.17.idx" Filter="1" />
    <FileEntry Name="23558557244_p4M.865.idx" Filter="1" />
    <FileEntry Name="23558557244_pDE.943.idx" Filter="1" />
    <FileEntry Name="23558557244_pNi.185.idx" Filter="1" />
    <FileEntry Name="23558557244_PSj.137.idx" Filter="1" />
    <FileEntry Name="23558557244_PWK.609.idx" Filter="1" />
    <FileEntry Name="23558557244_pZ2.531.idx" Filter="1" />
    <FileEntry Name="23558557244_Qhx.203.idx" Filter="1" />
    <FileEntry Name="23558557244_qim.903.idx" Filter="1" />
    <FileEntry Name="23558557244_QIQ.279.idx" Filter="1" />
    <FileEntry Name="23558557244_qR9.903.idx" Filter="1" />
    <FileEntry Name="23558557244_qSC.855.idx" Filter="1" />
    <FileEntry Name="23558557244_R5j.441.idx" Filter="1" />
    <FileEntry Name="23558557244_RfF.793.idx" Filter="1" />
    <FileEntry Name="23558557244_RSb.941.idx" Filter="1" />
    <FileEntry Name="23558557244_SbE.365.idx" Filter="1" />
    <FileEntry Name="23558557244_SbU.683.idx" Filter="1" />
    <FileEntry Name="23558557244_sjP.535.idx" Filter="1" />
    <FileEntry Name="23558557244_SsI.925.idx" Filter="1" />
    <FileEntry Name="23558557244_SzJ.859.idx" Filter="1" />
    <FileEntry Name="23558557244_Tky.247.idx" Filter="1" />
    <FileEntry Name="23558557244_tlL.981.idx" Filter="1" />
    <FileEntry Name="23558557244_TXD.177.idx" Filter="1" />
    <FileEntry Name="23558557244_ufP.415.idx" Filter="1" />
    <FileEntry Name="23558557244_UhW.621.idx" Filter="1" />
    <FileEntry Name="23558557244_uid.359.idx" Filter="1" />
    <FileEntry Name="23558557244_uO6.27.idx" Filter="1" />
    <FileEntry Name="23558557244_UsT.847.idx" Filter="1" />
    <FileEntry Name="23558557244_Ut1.353.idx" Filter="1" />
    <FileEntry Name="23558557244_uxi.593.idx" Filter="1" />
    <FileEntry Name="23558557244_vpz.359.idx" Filter="1" />
    <FileEntry Name="23558557244_WMj.895.idx" Filter="1" />
    <FileEntry Name="23558557244_WrZ.517.idx" Filter="1" />
    <FileEntry Name="23558557244_x7Z.331.idx" Filter="1" />
    <FileEntry Name="23558557244_ygv.181.idx" Filter="1" />
    <FileEntry Name="23558557244_YPV.735.idx" Filter="1" />
    <FileEntry Name="23558557244_YtY.717.idx" Filter="1" />
    <FileEntry Name="23558557244_yVN.827.idx" Filter="1" />
    <FileEntry Name="23558557244_Z0W.33.idx" Filter="1" />
    <FileEntry Name="23558557244_Z8d.93.idx" Filter="1" />
    <FileEntry Name="23558557244_zl4.79.idx" Filter="1" />
    <FileEntry Name="61888802440.idx" Filter="1" />
    <FileEntry Name="6188880244_0cr.624.idx" Filter="1" />
    <FileEntry Name="6188880244_0Ct.205.idx" Filter="1" />
    <FileEntry Name="6188880244_0SL.753.idx" Filter="1" />
    <FileEntry Name="6188880244_0yF.681.idx" Filter="1" />
    <FileEntry Name="6188880244_13V.187.idx" Filter="1" />
    <FileEntry Name="6188880244_1Av.179.idx" Filter="1" />
    <FileEntry Name="6188880244_1iA.595.idx" Filter="1" />
    <FileEntry Name="6188880244_1Jt.421.idx" Filter="1" />
    <FileEntry Name="6188880244_2rB.631.idx" Filter="1" />
    <FileEntry Name="6188880244_3pv.719.idx" Filter="1" />
    <FileEntry Name="6188880244_3RG.819.idx" Filter="1" />
    <FileEntry Name="6188880244_3YB.719.idx" Filter="1" />
    <FileEntry Name="6188880244_4H9.901.idx" Filter="1" />
    <FileEntry Name="6188880244_4hO.95.idx" Filter="1" />
    <FileEntry Name="6188880244_4JN.223.idx" Filter="1" />
    <FileEntry Name="6188880244_4sA.945.idx" Filter="1" />
    <FileEntry Name="6188880244_4tm.943.idx" Filter="1" />
    <FileEntry Name="6188880244_5CU.515.idx" Filter="1" />
    <FileEntry Name="6188880244_5od.983.idx" Filter="1" />
    <FileEntry Name="6188880244_6mQ.435.idx" Filter="1" />
    <FileEntry Name="6188880244_7QO.821.idx" Filter="1" />
    <FileEntry Name="6188880244_7Ud.41.idx" Filter="1" />
    <FileEntry Name="6188880244_85z.457.idx" Filter="1" />
    <FileEntry Name="6188880244_8yl.757.idx" Filter="1" />
    <FileEntry Name="6188880244_9VE.611.idx" Filter="1" />
    <FileEntry Name="6188880244_9XH.261.idx" Filter="1" />
    <FileEntry Name="6188880244_aAd.139.idx" Filter="1" />
    <FileEntry Name="6188880244_aEq.271.idx" Filter="1" />
    <FileEntry Name="6188880244_B1J.703.idx" Filter="1" />
    <FileEntry Name="6188880244_bAH.905.idx" Filter="1" />
    <FileEntry Name="6188880244_BfE.829.idx" Filter="1" />
    <FileEntry Name="6188880244_bSE.157.idx" Filter="1" />
    <FileEntry Name="6188880244_bXG.507.idx" Filter="1" />
    <FileEntry Name="6188880244_C1F.249.idx" Filter="1" />
    <FileEntry Name="6188880244_CNO.703.idx" Filter="1" />
    <FileEntry Name="6188880244_CSq.465.idx" Filter="1" />
    <FileEntry Name="6188880244_DHo.795.idx" Filter="1" />
    <FileEntry Name="6188880244_dmA.697.idx" Filter="1" />
    <FileEntry Name="6188880244_dmh.23.idx" Filter="1" />
    <FileEntry Name="6188880244_duA.271.idx" Filter="1" />
    <FileEntry Name="6188880244_duB.823.idx" Filter="1" />
    <FileEntry Name="6188880244_E2w.927.idx" Filter="1" />
    <FileEntry Name="6188880244_ESV.487.idx" Filter="1" />
    <FileEntry Name="6188880244_FJ7.545.idx" Filter="1" />
    <FileEntry Name="6188880244_fqA.975.idx" Filter="1" />
    <FileEntry Name="6188880244_fSn.611.idx" Filter="1" />
    <FileEntry Name="6188880244_gJ4.29.idx" Filter="1" />
    <FileEntry Name="6188880244_gNW.201.idx" Filter="1" />
    <FileEntry Name="6188880244_H6O.243.idx" Filter="1" />
    <FileEntry Name="6188880244_HjP.985.idx" Filter="1" />
    <FileEntry Name="6188880244_HNq.473.idx" Filter="1" />
    <FileEntry Name="6188880244_hpK.935.idx" Filter="1" />
    <FileEntry Name="6188880244_HSb.519.idx" Filter="1" />
    <FileEntry Name="6188880244_hZr.443.idx" Filter="1" />
    <FileEntry Name="6188880244_iBj.373.idx" Filter="1" />
    <FileEntry Name="6188880244_ibO.849.idx" Filter="1" />
    <FileEntry Name="6188880244_Icw.361.idx" Filter="1" />
    <FileEntry Name="6188880244_IdF.595.idx" Filter="1" />
    <FileEntry Name="6188880244_IFZ.637.idx" Filter="1" />
    <FileEntry Name="6188880244_iRn.607.idx" Filter="1" />
    <FileEntry Name="6188880244_J3J.673.idx" Filter="1" />
    <FileEntry Name="6188880244_jgH.333.idx" Filter="1" />
    <FileEntry Name="6188880244_jIz.737.idx" Filter="1" />
    <FileEntry Name="6188880244_Jjj.905.idx" Filter="1" />
    <FileEntry Name="6188880244_JN9.373.idx" Filter="1" />
    <FileEntry Name="6188880244_jp1.455.idx" Filter="1" />
    <FileEntry Name="6188880244_jQI.501.idx" Filter="1" />
    <FileEntry Name="6188880244_kdW.665.idx" Filter="1" />
    <FileEntry Name="6188880244_KiO.547.idx" Filter="1" />
    <FileEntry Name="6188880244_kJ4.417.idx" Filter="1" />
    <FileEntry Name="6188880244_KnL.707.idx" Filter="1" />
    <FileEntry Name="6188880244_kXP.905.idx" Filter="1" />
    <FileEntry Name="6188880244_kYl.541.idx" Filter="1" />
    <FileEntry Name="6188880244_LfW.627.idx" Filter="1" />
    <FileEntry Name="6188880244_lMk.105.idx" Filter="1" />
    <FileEntry Name="6188880244_LTX.887.idx" Filter="1" />
    <FileEntry Name="6188880244_mIm.729.idx" Filter="1" />
    <FileEntry Name="6188880244_mkk.367.idx" Filter="1" />
    <FileEntry Name="6188880244_mMG.955.idx" Filter="1" />
    <FileEntry Name="6188880244_mV7.783.idx" Filter="1" />
    <FileEntry Name="6188880244_neZ.623.idx" Filter="1" />
    <FileEntry Name="6188880244_NKv.957.idx" Filter="1" />
    <FileEntry Name="6188880244_npw.391.idx" Filter="1" />
    <FileEntry Name="6188880244_o2v.533.idx" Filter="1" />
    <FileEntry Name="6188880244_O76.249.idx" Filter="1" />
    <FileEntry Name="6188880244_oDL.537.idx" Filter="1" />
    <FileEntry Name="6188880244_OEA.997.idx" Filter="1" />
    <FileEntry Name="6188880244_On7.283.idx" Filter="1" />
    <FileEntry Name="6188880244_OQD.151.idx" Filter="1" />
    <FileEntry Name="6188880244_p21.19.idx" Filter="1" />
    <FileEntry Name="6188880244_p3u.623.idx" Filter="1" />
    <FileEntry Name="6188880244_PyC.151.idx" Filter="1" />
    <FileEntry Name="6188880244_Pyr.429.idx" Filter="1" />
    <FileEntry Name="6188880244_pZ3.857.idx" Filter="1" />
    <FileEntry Name="6188880244_QAG.281.idx" Filter="1" />
    <FileEntry Name="6188880244_Qcj.289.idx" Filter="1" />
    <FileEntry Name="6188880244_Qgn.29.idx" Filter="1" />
    <FileEntry Name="6188880244_qiL.259.idx" Filter="1" />
    <FileEntry Name="6188880244_qjK.989.idx" Filter="1" />
    <FileEntry Name="6188880244_qtG.411.idx" Filter="1" />
    <FileEntry Name="6188880244_RG1.333.idx" Filter="1" />
    <FileEntry Name="6188880244_riZ.355.idx" Filter="1" />
    <FileEntry Name="6188880244_Rt6.425.idx" Filter="1" />
    <FileEntry Name="6188880244_S5f.679.idx" Filter="1" />
    <FileEntry Name="6188880244_Sap.783.idx" Filter="1" />
    <FileEntry Name="6188880244_scO.697.idx" Filter="1" />
    <FileEntry Name="6188880244_sip.433.idx" Filter="1" />
    <FileEntry Name="6188880244_SM6.609.idx" Filter="1" />
    <FileEntry Name="6188880244_SrZ.119.idx" Filter="1" />
    <FileEntry Name="6188880244_StI.267.idx" Filter="1" />
    <FileEntry Name="6188880244_T4h.777.idx" Filter="1" />
    <FileEntry Name="6188880244_Tf0.125.idx" Filter="1" />
    <FileEntry Name="6188880244_UGJ.269.idx" Filter="1" />
    <FileEntry Name="6188880244_uux.519.idx" Filter="1" />
    <FileEntry Name="6188880244_UW0.361.idx" Filter="1" />
    <FileEntry Name="6188880244_UzZ.3.idx" Filter="1" />
    <FileEntry Name="6188880244_V0f.81.idx" Filter="1" />
    <FileEntry Name="6188880244_vAb.861.idx" Filter="1" />
    <FileEntry Name="6188880244_vHc.669.idx" Filter="1" />
    <FileEntry Name="6188880244_vhQ.573.idx" Filter="1" />
    <FileEntry Name="6188880244_Vj6.371.idx" Filter="1" />
    <FileEntry Name="6188880244_vlP.581.idx" Filter="1" />
    <FileEntry Name="6188880244_w4J.795.idx" Filter="1" />
    <FileEntry Name="6188880244_W6g.623.idx" Filter="1" />
    <FileEntry Name="6188880244_wcH.297.idx" Filter="1" />
    <FileEntry Name="6188880244_WOi.867.idx" Filter="1" />
    <FileEntry Name="6188880244_Wp7.315.idx" Filter="1" />
    <FileEntry Name="6188880244_WtV.35.idx" Filter="1" />
    <FileEntry Name="6188880244_wVH.183.idx" Filter="1" />
    <FileEntry Name="6188880244_X1B.325.idx" Filter="1" />
    <FileEntry Name="6188880244_X4Z.445.idx" Filter="1" />
    <FileEntry Name="6188880244_x6t.183.idx" Filter="1" />
    <FileEntry Name="6188880244_XAW.995.idx" Filter="1" />
    <FileEntry Name="6188880244_Xma.335.idx" Filter="1" />
    <FileEntry Name="6188880244_yaZ.897.idx" Filter="1" />
    <FileEntry Name="6188880244_YGU.81.idx" Filter="1" />
    <FileEntry Name="6188880244_yHB.485.idx" Filter="1" />
    <FileEntry Name="6188880244_YUb.769.idx" Filter="1" />
    <FileEntry Name="6188880244_yxV.9.idx" Filter="1" />
    <FileEntry Name="6188880244_Yy7.547.idx" Filter="1" />
    <FileEntry Name="6188880244_ZkW.579.idx" Filter="1" />
    <FileEntry Name="6188880244_ZMR.37.idx" Filter="1" />
    <FileEntry Name="6188880244_ZrV.549.idx" Filter="1" />
    <FileEntry Name="6188880244_ZTa.555.idx" Filter="1" />
    <FileEntry Name="6188880244_zxW.685.idx" Filter="1" />
    <FileEntry Name="6188880244_ZZ6.551.idx" Filter="1" />
    <FileEntry Name="74108444440.idx" Filter="1" />
    <FileEntry Name="7410844444_1Oa.825.idx" Filter="1" />
    <FileEntry Name="7410844444_59y.801.idx" Filter="1" />
    <FileEntry Name="7410844444_A04.981.idx" Filter="1" />
    <FileEntry Name="7410844444_B5e.471.idx" Filter="1" />
    <FileEntry Name="7410844444_F6c.589.idx" Filter="1" />
    <FileEntry Name="7410844444_Gcq.127.idx" Filter="1" />
    <FileEntry Name="7410844444_GKb.11.idx" Filter="1" />
    <FileEntry Name="7410844444_JVB.843.idx" Filter="1" />
    <FileEntry Name="7410844444_jz7.95.idx" Filter="1" />
    <FileEntry Name="7410844444_lLl.141.idx" Filter="1" />
    <FileEntry Name="7410844444_mOq.787.idx" Filter="1" />
    <FileEntry Name="7410844444_p6J.83.idx" Filter="1" />
    <FileEntry Name="7410844444_QW2.537.idx" Filter="1" />
    <FileEntry Name="7410844444_R4z.789.idx" Filter="1" />
    <FileEntry Name="7410844444_tvn.911.idx" Filter="1" />
    <FileEntry Name="7410844444_UXU.145.idx" Filter="1" />
    <FileEntry Name="7410844444_wWZ.341.idx" Filter="1" />
    <FileEntry Name="7410844444_XXU.983.idx" Filter="1" />
    <FileEntry Name="7410844444_ycS.467.idx" Filter="1" />
    <FileEntry Name="7410844444_YFv.825.idx" Filter="1" />
    <FileEntry Name="Bookmarks.xml" Filter="1" />
    <FileEntry Name="Breakpoints.xml" Filter="1" />
    <FileEntry Name="CompilerLogMetadata.xml" Filter="1" />
    <FileEntry Name="Final_Assessment1.c.pickle" Filter="1" />
    <FileEntry Name="Final_Assessment1.ci" Filter="1" />
    <FileEntry Name="Final_Assessment1.prm.bak" Filter="1" />
    <FileEntry Name="logfile.log" Filter="1" />
    <FileEntry Name="mdrv.log" Filter="1" />
    <FileEntry Name="mdrv_cmd.txt" Filter="1" />
    <FileEntry Name="options.txt" Filter="1" />
    <FileEntry Name="output.bak" Filter="1" />
    <FileEntry Name="output.txt" Filter="1" />
    <FileEntry Name="OutputColoringDatabase.json" Filter="1" />
    <FileEntry Name="P_AccountNo.dat" Filter="1" />
    <FileEntry Name="P_Citizenship.dat" Filter="1" />
    <FileEntry Name="P_DOB.dat" Filter="1" />
    <FileEntry Name="P_MobNo.dat" Filter="1" />
    <FileEntry Name="P_PanNo.dat" Filter="1" />
    <FileEntry Name="P_Pincode.dat" Filter="1" />
    <FileEntry Name="ReplaySummaryReport.xml" Filter="1" />
    <FileEntry Name="ScriptUploadMetadata.xml" Filter="1" />
    <FileEntry Name="ThumbnailsCache.tmp" Filter="1" />
    <FileEntry Name="UserTasks.xml" Filter="1" />
    <FileEntry Name="data\" Filter="1" />
    <FileEntry Name="result1\" Filter="1" />
  </GeneralFiles>
</VugenScriptMetadata>