﻿<DataObject comparison="Ordinal">
  <Section id="">
    <Subsections>
      <Section id="General">
        <Subsections />
        <Entries>
          <Entry key="ElapsedTime">
            <double>9.0967682</double>
          </Entry>
          <Entry key="StartedAt">
            <dateTime>2024-08-08T06:53:58.8485222+00:00</dateTime>
          </Entry>
          <Entry key="EndedAt">
            <dateTime>2024-08-08T06:54:07.9452904+00:00</dateTime>
          </Entry>
          <Entry key="ReplayStatus">
            <LastReplayRunStatus>Failed</LastReplayRunStatus>
          </Entry>
          <Entry key="NumberOfReplayErrors">
            <int>4</int>
          </Entry>
          <Entry key="NumberOfReplayCriticalErrors">
            <int>4</int>
          </Entry>
          <Entry key="NumberOfCompilationErrors">
            <int>0</int>
          </Entry>
        </Entries>
      </Section>
    </Subsections>
    <Entries>
      <Entry key="Iterations">
        <int>1</int>
      </Entry>
    </Entries>
  </Section>
</DataObject>