<?xml version="1.0" encoding="utf-8"?>
<VugenScriptMetadata>
  <ScriptName>Final_assessment2</ScriptName>
  <Protocol>Web - HTTP/HTML</Protocol>
  <ActionFiles>
    <FileEntry Name="vuser_init.c" Filter="2" />
    <FileEntry Name="Action.c" Filter="2" />
    <FileEntry Name="vuser_end.c" Filter="2" />
  </ActionFiles>
  <GeneralFiles>
    <FileEntry Name="Final_assessment2.usr" Filter="4" />
    <FileEntry Name="default.cfg" Filter="4" />
    <FileEntry Name="default.usp" Filter="4" />
    <FileEntry Name="Final_assessment2.prm" Filter="2" />
    <FileEntry Name="globals.h" Filter="2" />
    <FileEntry Name="WebSocketBuffer.h" Filter="2" />
    <FileEntry Name="P_Application_No.dat" Filter="2" />
    <FileEntry Name="combined_Final_assessment2.c" Filter="2" />
    <FileEntry Name="pre_cci.c" Filter="2" />
    <FileEntry Name="143541272440.idx" Filter="1" />
    <FileEntry Name="14354127244_00H.11.idx" Filter="1" />
    <FileEntry Name="14354127244_0Gk.287.idx" Filter="1" />
    <FileEntry Name="14354127244_0H6.841.idx" Filter="1" />
    <FileEntry Name="14354127244_0nw.599.idx" Filter="1" />
    <FileEntry Name="14354127244_0pj.167.idx" Filter="1" />
    <FileEntry Name="14354127244_128.651.idx" Filter="1" />
    <FileEntry Name="14354127244_13g.260.idx" Filter="1" />
    <FileEntry Name="14354127244_1HU.342.idx" Filter="1" />
    <FileEntry Name="14354127244_1Oz.399.idx" Filter="1" />
    <FileEntry Name="14354127244_1pB.903.idx" Filter="1" />
    <FileEntry Name="14354127244_2Xu.256.idx" Filter="1" />
    <FileEntry Name="14354127244_2yN.917.idx" Filter="1" />
    <FileEntry Name="14354127244_32n.529.idx" Filter="1" />
    <FileEntry Name="14354127244_33J.815.idx" Filter="1" />
    <FileEntry Name="14354127244_3JG.229.idx" Filter="1" />
    <FileEntry Name="14354127244_3rb.385.idx" Filter="1" />
    <FileEntry Name="14354127244_3wl.103.idx" Filter="1" />
    <FileEntry Name="14354127244_41l.933.idx" Filter="1" />
    <FileEntry Name="14354127244_48r.616.idx" Filter="1" />
    <FileEntry Name="14354127244_4Jb.757.idx" Filter="1" />
    <FileEntry Name="14354127244_4VF.71.idx" Filter="1" />
    <FileEntry Name="14354127244_4wK.212.idx" Filter="1" />
    <FileEntry Name="14354127244_4Zj.951.idx" Filter="1" />
    <FileEntry Name="14354127244_6A6.177.idx" Filter="1" />
    <FileEntry Name="14354127244_6Cu.743.idx" Filter="1" />
    <FileEntry Name="14354127244_6dd.219.idx" Filter="1" />
    <FileEntry Name="14354127244_6go.269.idx" Filter="1" />
    <FileEntry Name="14354127244_6wR.23.idx" Filter="1" />
    <FileEntry Name="14354127244_71a.829.idx" Filter="1" />
    <FileEntry Name="14354127244_7mG.975.idx" Filter="1" />
    <FileEntry Name="14354127244_7N3.546.idx" Filter="1" />
    <FileEntry Name="14354127244_8c8.91.idx" Filter="1" />
    <FileEntry Name="14354127244_8GR.125.idx" Filter="1" />
    <FileEntry Name="14354127244_8SV.593.idx" Filter="1" />
    <FileEntry Name="14354127244_9NM.253.idx" Filter="1" />
    <FileEntry Name="14354127244_9PH.621.idx" Filter="1" />
    <FileEntry Name="14354127244_9SI.773.idx" Filter="1" />
    <FileEntry Name="14354127244_9Y3.365.idx" Filter="1" />
    <FileEntry Name="14354127244_a6s.159.idx" Filter="1" />
    <FileEntry Name="14354127244_Aj3.481.idx" Filter="1" />
    <FileEntry Name="14354127244_aL2.179.idx" Filter="1" />
    <FileEntry Name="14354127244_APY.49.idx" Filter="1" />
    <FileEntry Name="14354127244_At1.235.idx" Filter="1" />
    <FileEntry Name="14354127244_ATB.49.idx" Filter="1" />
    <FileEntry Name="14354127244_aw2.21.idx" Filter="1" />
    <FileEntry Name="14354127244_aX6.123.idx" Filter="1" />
    <FileEntry Name="14354127244_AyD.57.idx" Filter="1" />
    <FileEntry Name="14354127244_B3K.141.idx" Filter="1" />
    <FileEntry Name="14354127244_BaC.103.idx" Filter="1" />
    <FileEntry Name="14354127244_BCh.142.idx" Filter="1" />
    <FileEntry Name="14354127244_boU.193.idx" Filter="1" />
    <FileEntry Name="14354127244_BSz.883.idx" Filter="1" />
    <FileEntry Name="14354127244_bTm.769.idx" Filter="1" />
    <FileEntry Name="14354127244_Bux.739.idx" Filter="1" />
    <FileEntry Name="14354127244_bxc.287.idx" Filter="1" />
    <FileEntry Name="14354127244_cdA.715.idx" Filter="1" />
    <FileEntry Name="14354127244_ceX.861.idx" Filter="1" />
    <FileEntry Name="14354127244_CGe.841.idx" Filter="1" />
    <FileEntry Name="14354127244_Cla.533.idx" Filter="1" />
    <FileEntry Name="14354127244_co0.75.idx" Filter="1" />
    <FileEntry Name="14354127244_CpF.157.idx" Filter="1" />
    <FileEntry Name="14354127244_CQn.795.idx" Filter="1" />
    <FileEntry Name="14354127244_cu1.970.idx" Filter="1" />
    <FileEntry Name="14354127244_D3U.379.idx" Filter="1" />
    <FileEntry Name="14354127244_Dhf.607.idx" Filter="1" />
    <FileEntry Name="14354127244_dNv.961.idx" Filter="1" />
    <FileEntry Name="14354127244_DS2.505.idx" Filter="1" />
    <FileEntry Name="14354127244_dtx.295.idx" Filter="1" />
    <FileEntry Name="14354127244_DuN.110.idx" Filter="1" />
    <FileEntry Name="14354127244_e80.833.idx" Filter="1" />
    <FileEntry Name="14354127244_eAl.717.idx" Filter="1" />
    <FileEntry Name="14354127244_eCI.349.idx" Filter="1" />
    <FileEntry Name="14354127244_Ee3.785.idx" Filter="1" />
    <FileEntry Name="14354127244_Een.123.idx" Filter="1" />
    <FileEntry Name="14354127244_EFD.605.idx" Filter="1" />
    <FileEntry Name="14354127244_Ehe.117.idx" Filter="1" />
    <FileEntry Name="14354127244_EPL.953.idx" Filter="1" />
    <FileEntry Name="14354127244_fEc.169.idx" Filter="1" />
    <FileEntry Name="14354127244_FFX.349.idx" Filter="1" />
    <FileEntry Name="14354127244_fNh.339.idx" Filter="1" />
    <FileEntry Name="14354127244_FPJ.39.idx" Filter="1" />
    <FileEntry Name="14354127244_Fql.593.idx" Filter="1" />
    <FileEntry Name="14354127244_fqU.461.idx" Filter="1" />
    <FileEntry Name="14354127244_frS.129.idx" Filter="1" />
    <FileEntry Name="14354127244_ft3.745.idx" Filter="1" />
    <FileEntry Name="14354127244_fu5.147.idx" Filter="1" />
    <FileEntry Name="14354127244_fu6.841.idx" Filter="1" />
    <FileEntry Name="14354127244_fvq.313.idx" Filter="1" />
    <FileEntry Name="14354127244_fZS.781.idx" Filter="1" />
    <FileEntry Name="14354127244_G7p.487.idx" Filter="1" />
    <FileEntry Name="14354127244_gfi.93.idx" Filter="1" />
    <FileEntry Name="14354127244_ggF.955.idx" Filter="1" />
    <FileEntry Name="14354127244_GJa.863.idx" Filter="1" />
    <FileEntry Name="14354127244_GkE.782.idx" Filter="1" />
    <FileEntry Name="14354127244_GLy.667.idx" Filter="1" />
    <FileEntry Name="14354127244_gnQ.118.idx" Filter="1" />
    <FileEntry Name="14354127244_GrM.625.idx" Filter="1" />
    <FileEntry Name="14354127244_gTW.163.idx" Filter="1" />
    <FileEntry Name="14354127244_GUg.578.idx" Filter="1" />
    <FileEntry Name="14354127244_gUQ.309.idx" Filter="1" />
    <FileEntry Name="14354127244_gxy.497.idx" Filter="1" />
    <FileEntry Name="14354127244_h38.305.idx" Filter="1" />
    <FileEntry Name="14354127244_h3v.148.idx" Filter="1" />
    <FileEntry Name="14354127244_HCY.681.idx" Filter="1" />
    <FileEntry Name="14354127244_hDx.162.idx" Filter="1" />
    <FileEntry Name="14354127244_Hh6.95.idx" Filter="1" />
    <FileEntry Name="14354127244_Hnj.83.idx" Filter="1" />
    <FileEntry Name="14354127244_HUv.198.idx" Filter="1" />
    <FileEntry Name="14354127244_Hw5.573.idx" Filter="1" />
    <FileEntry Name="14354127244_hXm.589.idx" Filter="1" />
    <FileEntry Name="14354127244_hXP.615.idx" Filter="1" />
    <FileEntry Name="14354127244_i8c.439.idx" Filter="1" />
    <FileEntry Name="14354127244_iAi.332.idx" Filter="1" />
    <FileEntry Name="14354127244_Ibq.21.idx" Filter="1" />
    <FileEntry Name="14354127244_iDQ.245.idx" Filter="1" />
    <FileEntry Name="14354127244_IG1.433.idx" Filter="1" />
    <FileEntry Name="14354127244_iko.102.idx" Filter="1" />
    <FileEntry Name="14354127244_ImP.658.idx" Filter="1" />
    <FileEntry Name="14354127244_IQl.857.idx" Filter="1" />
    <FileEntry Name="14354127244_ISk.189.idx" Filter="1" />
    <FileEntry Name="14354127244_iWM.503.idx" Filter="1" />
    <FileEntry Name="14354127244_iXq.483.idx" Filter="1" />
    <FileEntry Name="14354127244_iz1.512.idx" Filter="1" />
    <FileEntry Name="14354127244_J0H.751.idx" Filter="1" />
    <FileEntry Name="14354127244_j2v.954.idx" Filter="1" />
    <FileEntry Name="14354127244_jao.861.idx" Filter="1" />
    <FileEntry Name="14354127244_Jkg.987.idx" Filter="1" />
    <FileEntry Name="14354127244_Jvy.992.idx" Filter="1" />
    <FileEntry Name="14354127244_k1b.461.idx" Filter="1" />
    <FileEntry Name="14354127244_kB5.767.idx" Filter="1" />
    <FileEntry Name="14354127244_kfj.759.idx" Filter="1" />
    <FileEntry Name="14354127244_kfy.286.idx" Filter="1" />
    <FileEntry Name="14354127244_kHa.43.idx" Filter="1" />
    <FileEntry Name="14354127244_L9V.869.idx" Filter="1" />
    <FileEntry Name="14354127244_LDP.19.idx" Filter="1" />
    <FileEntry Name="14354127244_lfl.337.idx" Filter="1" />
    <FileEntry Name="14354127244_lIj.591.idx" Filter="1" />
    <FileEntry Name="14354127244_LoB.107.idx" Filter="1" />
    <FileEntry Name="14354127244_Loj.592.idx" Filter="1" />
    <FileEntry Name="14354127244_lub.168.idx" Filter="1" />
    <FileEntry Name="14354127244_Ly1.975.idx" Filter="1" />
    <FileEntry Name="14354127244_mpO.555.idx" Filter="1" />
    <FileEntry Name="14354127244_muN.745.idx" Filter="1" />
    <FileEntry Name="14354127244_n3d.915.idx" Filter="1" />
    <FileEntry Name="14354127244_N6M.101.idx" Filter="1" />
    <FileEntry Name="14354127244_N7I.207.idx" Filter="1" />
    <FileEntry Name="14354127244_N9T.922.idx" Filter="1" />
    <FileEntry Name="14354127244_nbH.77.idx" Filter="1" />
    <FileEntry Name="14354127244_NGa.387.idx" Filter="1" />
    <FileEntry Name="14354127244_NjN.199.idx" Filter="1" />
    <FileEntry Name="14354127244_nQT.691.idx" Filter="1" />
    <FileEntry Name="14354127244_NQW.863.idx" Filter="1" />
    <FileEntry Name="14354127244_nr0.167.idx" Filter="1" />
    <FileEntry Name="14354127244_nuN.643.idx" Filter="1" />
    <FileEntry Name="14354127244_nz4.687.idx" Filter="1" />
    <FileEntry Name="14354127244_oc4.61.idx" Filter="1" />
    <FileEntry Name="14354127244_OJ5.261.idx" Filter="1" />
    <FileEntry Name="14354127244_OkC.373.idx" Filter="1" />
    <FileEntry Name="14354127244_oOh.388.idx" Filter="1" />
    <FileEntry Name="14354127244_OPB.145.idx" Filter="1" />
    <FileEntry Name="14354127244_OqM.583.idx" Filter="1" />
    <FileEntry Name="14354127244_Orj.663.idx" Filter="1" />
    <FileEntry Name="14354127244_otT.805.idx" Filter="1" />
    <FileEntry Name="14354127244_p35.293.idx" Filter="1" />
    <FileEntry Name="14354127244_p4z.439.idx" Filter="1" />
    <FileEntry Name="14354127244_PaM.411.idx" Filter="1" />
    <FileEntry Name="14354127244_PC2.454.idx" Filter="1" />
    <FileEntry Name="14354127244_Pfn.509.idx" Filter="1" />
    <FileEntry Name="14354127244_pFN.963.idx" Filter="1" />
    <FileEntry Name="14354127244_pKS.537.idx" Filter="1" />
    <FileEntry Name="14354127244_PtE.847.idx" Filter="1" />
    <FileEntry Name="14354127244_Px3.23.idx" Filter="1" />
    <FileEntry Name="14354127244_Q2u.745.idx" Filter="1" />
    <FileEntry Name="14354127244_Q40.935.idx" Filter="1" />
    <FileEntry Name="14354127244_Q4s.216.idx" Filter="1" />
    <FileEntry Name="14354127244_Q86.814.idx" Filter="1" />
    <FileEntry Name="14354127244_q9O.763.idx" Filter="1" />
    <FileEntry Name="14354127244_q9u.337.idx" Filter="1" />
    <FileEntry Name="14354127244_QAS.101.idx" Filter="1" />
    <FileEntry Name="14354127244_qcf.143.idx" Filter="1" />
    <FileEntry Name="14354127244_qdS.527.idx" Filter="1" />
    <FileEntry Name="14354127244_qkH.15.idx" Filter="1" />
    <FileEntry Name="14354127244_qKZ.899.idx" Filter="1" />
    <FileEntry Name="14354127244_Qut.534.idx" Filter="1" />
    <FileEntry Name="14354127244_RAf.823.idx" Filter="1" />
    <FileEntry Name="14354127244_Rah.968.idx" Filter="1" />
    <FileEntry Name="14354127244_rBG.716.idx" Filter="1" />
    <FileEntry Name="14354127244_rgD.301.idx" Filter="1" />
    <FileEntry Name="14354127244_RHO.331.idx" Filter="1" />
    <FileEntry Name="14354127244_rK0.661.idx" Filter="1" />
    <FileEntry Name="14354127244_RMD.577.idx" Filter="1" />
    <FileEntry Name="14354127244_ryc.195.idx" Filter="1" />
    <FileEntry Name="14354127244_RzT.975.idx" Filter="1" />
    <FileEntry Name="14354127244_sGP.714.idx" Filter="1" />
    <FileEntry Name="14354127244_sHc.925.idx" Filter="1" />
    <FileEntry Name="14354127244_sL7.81.idx" Filter="1" />
    <FileEntry Name="14354127244_spX.415.idx" Filter="1" />
    <FileEntry Name="14354127244_SSr.975.idx" Filter="1" />
    <FileEntry Name="14354127244_STs.353.idx" Filter="1" />
    <FileEntry Name="14354127244_sWs.59.idx" Filter="1" />
    <FileEntry Name="14354127244_sxA.217.idx" Filter="1" />
    <FileEntry Name="14354127244_Tan.537.idx" Filter="1" />
    <FileEntry Name="14354127244_Tcp.804.idx" Filter="1" />
    <FileEntry Name="14354127244_TeI.397.idx" Filter="1" />
    <FileEntry Name="14354127244_teu.49.idx" Filter="1" />
    <FileEntry Name="14354127244_tGu.647.idx" Filter="1" />
    <FileEntry Name="14354127244_tIV.317.idx" Filter="1" />
    <FileEntry Name="14354127244_Tkd.867.idx" Filter="1" />
    <FileEntry Name="14354127244_TNl.335.idx" Filter="1" />
    <FileEntry Name="14354127244_toq.123.idx" Filter="1" />
    <FileEntry Name="14354127244_tql.556.idx" Filter="1" />
    <FileEntry Name="14354127244_TrU.823.idx" Filter="1" />
    <FileEntry Name="14354127244_u0f.325.idx" Filter="1" />
    <FileEntry Name="14354127244_u4v.771.idx" Filter="1" />
    <FileEntry Name="14354127244_u6f.280.idx" Filter="1" />
    <FileEntry Name="14354127244_UFA.857.idx" Filter="1" />
    <FileEntry Name="14354127244_Ukl.143.idx" Filter="1" />
    <FileEntry Name="14354127244_UM6.595.idx" Filter="1" />
    <FileEntry Name="14354127244_uME.119.idx" Filter="1" />
    <FileEntry Name="14354127244_UQL.345.idx" Filter="1" />
    <FileEntry Name="14354127244_uQX.405.idx" Filter="1" />
    <FileEntry Name="14354127244_urw.95.idx" Filter="1" />
    <FileEntry Name="14354127244_uSz.163.idx" Filter="1" />
    <FileEntry Name="14354127244_uTf.929.idx" Filter="1" />
    <FileEntry Name="14354127244_uTw.572.idx" Filter="1" />
    <FileEntry Name="14354127244_UuX.398.idx" Filter="1" />
    <FileEntry Name="14354127244_v0F.10.idx" Filter="1" />
    <FileEntry Name="14354127244_VHo.145.idx" Filter="1" />
    <FileEntry Name="14354127244_VjA.841.idx" Filter="1" />
    <FileEntry Name="14354127244_VnT.663.idx" Filter="1" />
    <FileEntry Name="14354127244_VqA.377.idx" Filter="1" />
    <FileEntry Name="14354127244_VSW.380.idx" Filter="1" />
    <FileEntry Name="14354127244_VUz.213.idx" Filter="1" />
    <FileEntry Name="14354127244_W3g.138.idx" Filter="1" />
    <FileEntry Name="14354127244_w9E.339.idx" Filter="1" />
    <FileEntry Name="14354127244_WIk.882.idx" Filter="1" />
    <FileEntry Name="14354127244_WoE.210.idx" Filter="1" />
    <FileEntry Name="14354127244_WtC.707.idx" Filter="1" />
    <FileEntry Name="14354127244_WvK.39.idx" Filter="1" />
    <FileEntry Name="14354127244_wW4.767.idx" Filter="1" />
    <FileEntry Name="14354127244_X1P.745.idx" Filter="1" />
    <FileEntry Name="14354127244_X8b.513.idx" Filter="1" />
    <FileEntry Name="14354127244_Xbh.894.idx" Filter="1" />
    <FileEntry Name="14354127244_XCS.467.idx" Filter="1" />
    <FileEntry Name="14354127244_XhA.272.idx" Filter="1" />
    <FileEntry Name="14354127244_xL7.465.idx" Filter="1" />
    <FileEntry Name="14354127244_xLL.698.idx" Filter="1" />
    <FileEntry Name="14354127244_XpS.564.idx" Filter="1" />
    <FileEntry Name="14354127244_xRb.525.idx" Filter="1" />
    <FileEntry Name="14354127244_XxD.459.idx" Filter="1" />
    <FileEntry Name="14354127244_xXh.239.idx" Filter="1" />
    <FileEntry Name="14354127244_xxW.849.idx" Filter="1" />
    <FileEntry Name="14354127244_yaQ.423.idx" Filter="1" />
    <FileEntry Name="14354127244_ycR.118.idx" Filter="1" />
    <FileEntry Name="14354127244_yEt.684.idx" Filter="1" />
    <FileEntry Name="14354127244_Yfa.475.idx" Filter="1" />
    <FileEntry Name="14354127244_yga.893.idx" Filter="1" />
    <FileEntry Name="14354127244_YiM.815.idx" Filter="1" />
    <FileEntry Name="14354127244_yIq.340.idx" Filter="1" />
    <FileEntry Name="14354127244_yNm.603.idx" Filter="1" />
    <FileEntry Name="14354127244_yq9.293.idx" Filter="1" />
    <FileEntry Name="14354127244_yQh.899.idx" Filter="1" />
    <FileEntry Name="14354127244_ytS.494.idx" Filter="1" />
    <FileEntry Name="14354127244_YuA.525.idx" Filter="1" />
    <FileEntry Name="14354127244_YXW.125.idx" Filter="1" />
    <FileEntry Name="14354127244_YXX.328.idx" Filter="1" />
    <FileEntry Name="14354127244_Z5f.115.idx" Filter="1" />
    <FileEntry Name="14354127244_Z8y.401.idx" Filter="1" />
    <FileEntry Name="14354127244_zax.361.idx" Filter="1" />
    <FileEntry Name="14354127244_zBF.413.idx" Filter="1" />
    <FileEntry Name="14354127244_Zel.683.idx" Filter="1" />
    <FileEntry Name="14354127244_ZiN.942.idx" Filter="1" />
    <FileEntry Name="14354127244_zmR.121.idx" Filter="1" />
    <FileEntry Name="14354127244_Zpp.993.idx" Filter="1" />
    <FileEntry Name="169844007440.idx" Filter="1" />
    <FileEntry Name="16984400744_6ZU.511.idx" Filter="1" />
    <FileEntry Name="16984400744_NDw.533.idx" Filter="1" />
    <FileEntry Name="173644071440.idx" Filter="1" />
    <FileEntry Name="17364407144_321.215.idx" Filter="1" />
    <FileEntry Name="17364407144_3Sq.341.idx" Filter="1" />
    <FileEntry Name="17364407144_5aJ.137.idx" Filter="1" />
    <FileEntry Name="17364407144_5R5.941.idx" Filter="1" />
    <FileEntry Name="17364407144_5RO.563.idx" Filter="1" />
    <FileEntry Name="17364407144_5vq.813.idx" Filter="1" />
    <FileEntry Name="17364407144_8Qy.161.idx" Filter="1" />
    <FileEntry Name="17364407144_8rv.211.idx" Filter="1" />
    <FileEntry Name="17364407144_AEp.327.idx" Filter="1" />
    <FileEntry Name="17364407144_aTg.615.idx" Filter="1" />
    <FileEntry Name="17364407144_B0F.141.idx" Filter="1" />
    <FileEntry Name="17364407144_Csl.781.idx" Filter="1" />
    <FileEntry Name="17364407144_ELZ.953.idx" Filter="1" />
    <FileEntry Name="17364407144_eoH.657.idx" Filter="1" />
    <FileEntry Name="17364407144_FgB.969.idx" Filter="1" />
    <FileEntry Name="17364407144_Fjz.683.idx" Filter="1" />
    <FileEntry Name="17364407144_ftD.555.idx" Filter="1" />
    <FileEntry Name="17364407144_GM0.285.idx" Filter="1" />
    <FileEntry Name="17364407144_h6X.255.idx" Filter="1" />
    <FileEntry Name="17364407144_HzN.713.idx" Filter="1" />
    <FileEntry Name="17364407144_Jyh.271.idx" Filter="1" />
    <FileEntry Name="17364407144_kbL.339.idx" Filter="1" />
    <FileEntry Name="17364407144_KCB.209.idx" Filter="1" />
    <FileEntry Name="17364407144_kD5.991.idx" Filter="1" />
    <FileEntry Name="17364407144_ko7.715.idx" Filter="1" />
    <FileEntry Name="17364407144_kVF.397.idx" Filter="1" />
    <FileEntry Name="17364407144_l3m.453.idx" Filter="1" />
    <FileEntry Name="17364407144_mgX.967.idx" Filter="1" />
    <FileEntry Name="17364407144_mI9.545.idx" Filter="1" />
    <FileEntry Name="17364407144_NJv.387.idx" Filter="1" />
    <FileEntry Name="17364407144_nRc.577.idx" Filter="1" />
    <FileEntry Name="17364407144_nTG.259.idx" Filter="1" />
    <FileEntry Name="17364407144_OLi.571.idx" Filter="1" />
    <FileEntry Name="17364407144_opX.697.idx" Filter="1" />
    <FileEntry Name="17364407144_oUW.493.idx" Filter="1" />
    <FileEntry Name="17364407144_r7f.331.idx" Filter="1" />
    <FileEntry Name="17364407144_RHJ.9.idx" Filter="1" />
    <FileEntry Name="17364407144_rj8.109.idx" Filter="1" />
    <FileEntry Name="17364407144_RZo.881.idx" Filter="1" />
    <FileEntry Name="17364407144_TZw.921.idx" Filter="1" />
    <FileEntry Name="17364407144_U9s.101.idx" Filter="1" />
    <FileEntry Name="17364407144_wfW.379.idx" Filter="1" />
    <FileEntry Name="17364407144_Wqf.803.idx" Filter="1" />
    <FileEntry Name="17364407144_WxP.147.idx" Filter="1" />
    <FileEntry Name="17364407144_x8m.591.idx" Filter="1" />
    <FileEntry Name="17364407144_yu0.279.idx" Filter="1" />
    <FileEntry Name="17364407144_ZjC.197.idx" Filter="1" />
    <FileEntry Name="17364407144_ZwY.117.idx" Filter="1" />
    <FileEntry Name="Bookmarks.xml" Filter="1" />
    <FileEntry Name="Breakpoints.xml" Filter="1" />
    <FileEntry Name="CompilerLogMetadata.xml" Filter="1" />
    <FileEntry Name="Final_assessment2.c.pickle" Filter="1" />
    <FileEntry Name="Final_assessment2.ci" Filter="1" />
    <FileEntry Name="Final_assessment2.prm.bak" Filter="1" />
    <FileEntry Name="logfile.log" Filter="1" />
    <FileEntry Name="mdrv.log" Filter="1" />
    <FileEntry Name="mdrv1oJ.447.log" Filter="1" />
    <FileEntry Name="mdrvfqW.841.log" Filter="1" />
    <FileEntry Name="mdrvGHI.869.log" Filter="1" />
    <FileEntry Name="mdrvI2E.469.log" Filter="1" />
    <FileEntry Name="mdrvNpz.479.log" Filter="1" />
    <FileEntry Name="mdrvwCg.341.log" Filter="1" />
    <FileEntry Name="mdrvygf.753.log" Filter="1" />
    <FileEntry Name="mdrvZSL.207.log" Filter="1" />
    <FileEntry Name="mdrv_cmd.txt" Filter="1" />
    <FileEntry Name="Name.txt" Filter="1" />
    <FileEntry Name="options.txt" Filter="1" />
    <FileEntry Name="output.bak" Filter="1" />
    <FileEntry Name="output.txt" Filter="1" />
    <FileEntry Name="OutputColoringDatabase.json" Filter="1" />
    <FileEntry Name="P_Email.dat" Filter="1" />
    <FileEntry Name="ReplaySummaryReport.xml" Filter="1" />
    <FileEntry Name="ScriptUploadMetadata.xml" Filter="1" />
    <FileEntry Name="ThumbnailsCache.tmp" Filter="1" />
    <FileEntry Name="UserTasks.xml" Filter="1" />
    <FileEntry Name="data\" Filter="1" />
    <FileEntry Name="result1\" Filter="1" />
  </GeneralFiles>
</VugenScriptMetadata>