[
    {
        "actionName": "Action",
        "steps": [
            {
                "stepId": "STEP1",
                "stepName": "Url: banking",
                "infFile": "t1.inf",
                "time": 1723099487878
            },
            {
                "stepId": "STEP2",
                "stepName": "Url: Apply Debit Card",
                "infFile": "t2.inf",
                "time": 1723099488060
            },
            {
                "stepId": "STEP3",
                "stepName": "Submit Data: debit_card_form.php",
                "infFile": "t3.inf",
                "time": 1723099488219
            },
            {
                "stepId": "STEP4",
                "stepName": "Url: Home",
                "infFile": "t4.inf",
                "time": 1723099488338
            },
            {
                "stepId": "STEP5",
                "stepName": "Url: Register",
                "infFile": "t5.inf",
                "time": 1723099488455
            },
            {
                "stepId": "STEP6",
                "stepName": "Submit Data: ebanking_reg_form.php",
                "infFile": "t6.inf",
                "time": 1723099488549
            },
            {
                "stepId": "STEP7",
                "stepName": "Url: Home_2",
                "infFile": "t7.inf",
                "time": 1723099488593
            },
            {
                "stepId": "STEP8",
                "stepName": "Url: Login",
                "infFile": "t8.inf",
                "time": 1723099488645
            },
            {
                "stepId": "STEP9",
                "stepName": "Submit Data: customer_login.php_2",
                "infFile": "t9.inf",
                "time": 1723099488705
            },
            {
                "stepId": "STEP10",
                "stepName": "Url: My Account",
                "infFile": "t10.inf",
                "time": 1723099488846
            },
            {
                "stepId": "STEP11",
                "stepName": "Url: customer_logout.php",
                "infFile": "t11.inf",
                "time": 1723099488974
            }
        ],
        "transactions": [
            {
                "transactionName": "S03_OnlineBanking_T01_LaunchPage",
                "rawStartTime": 1723099487718,
                "rawEndTime": 1723099487909,
                "thinkTime": 0.0,
                "wastedTime": 0.10976147651672363
            },
            {
                "transactionName": "S03_OnlineBanking_T02_ApplyDebitCard",
                "rawStartTime": 1723099487990,
                "rawEndTime": 1723099488085,
                "thinkTime": 0.0,
                "wastedTime": 0.01619434356689453
            },
            {
                "transactionName": "S03_OnlineBanking_T03_CaptureValues",
                "rawStartTime": 1723099488132,
                "rawEndTime": 1723099488243,
                "thinkTime": 0.0,
                "wastedTime": 0.005888462066650391
            },
            {
                "transactionName": "S03_OnlineBanking_T04_ClickHome",
                "rawStartTime": 1723099488291,
                "rawEndTime": 1723099488370,
                "thinkTime": 0.0,
                "wastedTime": 0.005353689193725586
            },
            {
                "transactionName": "S03_OnlineBanking_T05_SelectIB_Register",
                "rawStartTime": 1723099488402,
                "rawEndTime": 1723099488475,
                "thinkTime": 0.0,
                "wastedTime": 0.0076141357421875
            },
            {
                "transactionName": "S03_OnlineBanking_T06_RegisterAccount",
                "rawStartTime": 1723099488482,
                "rawEndTime": 1723099488552,
                "thinkTime": 0.0,
                "wastedTime": 0.022371530532836915
            },
            {
                "transactionName": "S03_OnlineBanking_T07_ClickHome",
                "rawStartTime": 1723099488560,
                "rawEndTime": 1723099488598,
                "thinkTime": 0.0,
                "wastedTime": 0.010687828063964844
            },
            {
                "transactionName": "S03_OnlineBanking_T08_SelectIR_Login",
                "rawStartTime": 1723099488604,
                "rawEndTime": 1723099488728,
                "thinkTime": 0.0,
                "wastedTime": 0.02557206153869629
            },
            {
                "transactionName": "S03_OnlineBanking_T09_ClickAccount",
                "rawStartTime": 1723099488774,
                "rawEndTime": 1723099488875,
                "thinkTime": 0.0,
                "wastedTime": 0.0067102909088134769
            },
            {
                "transactionName": "S03_OnlineBanking_T10_LogOut",
                "rawStartTime": 1723099488922,
                "rawEndTime": 1723099488985,
                "thinkTime": 0.0,
                "wastedTime": 0.010490655899047852
            }
        ]
    }
]