﻿<?xml version="1.0"?>
<!DOCTYPE Report
[
<!ELEMENT Report (General ,(Doc|BPT)) >
<!ATTLIST Report ver CDATA #REQUIRED tmZone CDATA #REQUIRED>

<!ELEMENT General ( DocLocation ) >
<!ATTLIST General productName CDATA #REQUIRED productVer CDATA #REQUIRED os CDATA #REQUIRED host CDATA #REQUIRED qcserver CDATA #IMPLIED qcproject CDATA #IMPLIED SolManSolutionId CDATA #IMPLIED SolManProjectId CDATA #IMPLIED SolManTestPlanId CDATA #IMPLIED SolManTestPackageId CDATA #IMPLIED SolManUserInfoData CDATA #IMPLIED  >

<!ELEMENT BPT (DName,Res,DVer?,TSet?,TInst?,NodeArgs,AdditionalInfo*,Doc*) >
<!ATTLIST BPT rID ID #REQUIRED >

<!ELEMENT Doc (DName,ConfName?,Res,DVer?,TSet?,TInst?,RunType?,DT?,AdditionalInfo*,Step*,DIter*,Step*,Action*,Doc*,Summary?,TestMaintenanceSummary*,NodeArgs?) >
<!ATTLIST Doc rID ID #REQUIRED type (Test|BC|BPTWrapperTest|Flow|Group|Action) "Test" productName CDATA #REQUIRED BCIter CDATA #IMPLIED >

<!ELEMENT RunType ( #PCDATA )>
<!ATTLIST RunType fmStep (False|True) "False" batch (False|True) "False" upDesc (False|True) "False" upChk (False|True) "False" upAS (False|True) "False">

<!ELEMENT DName ( #PCDATA ) >

<!ELEMENT ConfName ( #PCDATA ) >

<!ELEMENT Res ( #PCDATA ) >

<!ELEMENT AdditionalInfo (AdditionalDataName,AdditionalDataValue ) >

<!ELEMENT AdditionalDataName ( #PCDATA ) >

<!ELEMENT AdditionalDataValue ( #PCDATA ) >

<!ELEMENT DVer ( #PCDATA ) >

<!ELEMENT TSet ( #PCDATA ) >

<!ELEMENT TInst ( #PCDATA ) >

<!ELEMENT DIter (Step*,Action+,Summary?,NodeArgs)>
<!ATTLIST DIter rID ID #REQUIRED iterID CDATA #REQUIRED>

<!ELEMENT DocLocation ( #PCDATA )>

<!ELEMENT Action (AName,AIter*,(Step|HtmlStep|Action)*, Summary,ActionMaintenanceSummary*, NodeArgs ) >
<!ATTLIST Action rID ID #REQUIRED>

<!ELEMENT AIter ((Step|HtmlStep|Action)*,DataMapping?, Summary?,NodeArgs) >
<!ATTLIST AIter rID ID #REQUIRED iterID CDATA #REQUIRED isCountable (False|True) "False" >

<!ELEMENT AName ( #PCDATA ) >

<!ELEMENT TestMaintenanceSummary (ActionMaintenanceSummary*) >
<!ATTLIST TestMaintenanceSummary ObjectsAdded CDATA #REQUIRED ObjectsUpdated CDATA #REQUIRED StepsUpdated CDATA #REQUIRED StepsComments CDATA #REQUIRED><!ELEMENT ActionMaintenanceSummary (ObjectChange* ) >
<!ATTLIST ActionMaintenanceSummary Action CDATA #REQUIRED Objects CDATA #REQUIRED Updated CDATA #REQUIRED LinesTotal CDATA #REQUIRED Added CDATA #REQUIRED LinesUpdated CDATA #REQUIRED>

<!ELEMENT ObjectChange  (Hierarchy, PropertyChangeList* ) >
<!ATTLIST ObjectChange Operation CDATA #IMPLIED OriginalRepository CDATA #IMPLIED>

<!ELEMENT PropertyChangeList (PropertyDef*) >

<!ELEMENT PropertyDef (OriginalValue, NewValue) >
<!ATTLIST PropertyDef PropName CDATA #REQUIRED OriginRegularExpression (True|False) "False" NewRegularExpression (True|False) "False" AddedProperty (True|False) "False" >

<!ELEMENT OriginalValue ( #PCDATA )>

<!ELEMENT NewValue ( #PCDATA )>

<!ELEMENT Hierarchy  (ObjectName, Hierarchy*) >
<!ATTLIST Hierarchy MicClass CDATA #REQUIRED>

<!ELEMENT ObjectName  ( #PCDATA ) >

<!ELEMENT Step (Obj,Details,Time,TimeTick* ,(Step|HtmlStep|Doc)*, DataMapping?, NodeArgs) >
<!ATTLIST Step rID ID #REQUIRED retval CDATA #IMPLIED>

<!ELEMENT HtmlStep (HTML,TimeTick*,(Step|HtmlStep|Doc)*,NodeArgs) >
<!ATTLIST HtmlStep rID ID #REQUIRED >

<!ELEMENT Obj ( #PCDATA ) >
<!ATTLIST Obj plainTxt (False|True) "True">

<!ELEMENT Details ( #PCDATA ) >
<!ATTLIST Details plainTxt (False|True) "True">

<!ELEMENT Time ( #PCDATA ) >

<!ELEMENT HTML ( #PCDATA ) >

<!ELEMENT Disp ( #PCDATA ) >

<!ELEMENT TimeTick ( #PCDATA ) >

<!ELEMENT DataMapping ( DataMappedItem* )>
<!ELEMENT DataMappedItem EMPTY >
<!ATTLIST DataMappedItem dsName CDATA #REQUIRED >
<!ATTLIST DataMappedItem rowId CDATA #REQUIRED >

<!ELEMENT NodeArgs (Disp,TopPane?,BtmPane?,ExtendedInfo? )>
<!ATTLIST NodeArgs eType CDATA #REQUIRED icon CDATA #REQUIRED nRep CDATA #REQUIRED UserNote CDATA #IMPLIED filter (False|True) "True">
<!ATTLIST NodeArgs status (Passed|Failed|Done|Warning|Information) "Done">
<!ATTLIST NodeArgs iconSel CDATA #IMPLIED nType CDATA #IMPLIED MovieMarker CDATA "">
<!ATTLIST NodeArgs Source CDATA #IMPLIED SourceLine CDATA #IMPLIED StepFlowItemKey CDATA #IMPLIED >

<!ELEMENT TopPane (Path)>

<!ELEMENT BtmPane ( (Path|WR)?,ASHilite?)>
<!ATTLIST BtmPane vType CDATA "HTML">

<!ELEMENT Path ( #PCDATA ) >

<!ELEMENT ASHilite ( #PCDATA ) >

<!ELEMENT WR ( #PCDATA ) >

<!ELEMENT ExtendedInfo ( StepData ) >

<!ATTLIST ExtendedInfo StepType CDATA #REQUIRED>
<!ELEMENT DT (NodeArgs) >
<!ATTLIST DT rID ID #REQUIRED>

<!ELEMENT Summary (Param*)>
<!ATTLIST Summary sTime CDATA #IMPLIED eTime CDATA #IMPLIED passed CDATA #IMPLIED failed CDATA #IMPLIED warnings CDATA #IMPLIED retval CDATA #IMPLIED stopped (False|True) "False" >

<!ELEMENT Param (ParamName,ParamVal)+ >
<!ATTLIST Param paramInOut (In|Out) "In">

<!ELEMENT ParamName ( #PCDATA ) >

<!ELEMENT ParamVal ( #PCDATA ) >

]
>
<Report ver="2.0" tmZone="Coordinated Universal Time">
<General productName="Vugen" productVer="2024" os="" host="SRV2022"><DocLocation><![CDATA[C:\Users\Administrator\Documents\VuGen\Scripts\Final_Assessment1]]></DocLocation></General>
<Doc rID="T1"   productName= "Vugen"  >
<DName><![CDATA[Final_Assessment1]]></DName>
<Res><![CDATA[result1]]></Res>
<Action rID="T2">
<AName><![CDATA[vuser_init]]></AName>
<Summary sTime="8/12/2024 - 5:43:34" eTime="8/12/2024 - 5:43:34" passed="0" failed="0" warnings="0" ></Summary>
<NodeArgs eType="StartAction" icon="2" nRep="5" >
<Disp><![CDATA[vuser_init Summary]]></Disp>
</NodeArgs>
</Action>
<DIter rID="T3" iterID="1" >
<Action rID="T4">
<AName><![CDATA[Action]]></AName>
<Step rID="T5">
<Obj plainTxt="False" ><![CDATA[Service: Set Sockets Option]]></Obj>
<Details plainTxt="False" ><![CDATA[<CENTER>Set socket option <STRONG><FONT COLOR=#00AF00>SSL_VERSION</FONT></STRONG> with value <STRONG><FONT COLOR=#00AF00>AUTO</FONT></STRONG></CENTER>]]></Details>
<Time><![CDATA[8/12/2024 - 5:43:34]]></Time>
<TimeTick>1723441414</TimeTick>
<NodeArgs eType="General" icon="4" nRep="9" >
<Disp><![CDATA[Service: Set Sockets Option]]></Disp>
</NodeArgs>
</Step>
<Step rID="T6">
<Obj plainTxt="False" ><![CDATA[Service: Add Auto Header]]></Obj>
<Details plainTxt="False" ><![CDATA[<CENTER>Add the following header to all subsequent HTTP requests :<BR><STRONG><FONT COLOR=#00AF00>Accept-Language: en-US,en;q=0.5</FONT></STRONG></CENTER>]]></Details>
<Time><![CDATA[8/12/2024 - 5:43:34]]></Time>
<TimeTick>1723441414</TimeTick>
<NodeArgs eType="General" icon="5" nRep="10" >
<Disp><![CDATA[Service: Add Auto Header]]></Disp>
</NodeArgs>
</Step>
<Step rID="T7">
<Obj plainTxt="False" ><![CDATA[Url: banking]]></Obj>
<Details plainTxt="False" ><![CDATA[<CENTER><STRONG><FONT COLOR=#009A63>Step completed successfully</FONT></STRONG></CENTER>]]></Details>
<Time><![CDATA[8/12/2024 - 5:43:34]]></Time>
<TimeTick>1723441414</TimeTick>
<NodeArgs eType="General" icon="6" nRep="11" status="Passed" >
<Disp><![CDATA[Url: banking]]></Disp>
<BtmPane vType="HTMLSNSH" >
<Path><![CDATA[\Iteration1\t1.inf]]></Path>
</BtmPane>
</NodeArgs>
</Step>
<Step rID="T8">
<Obj plainTxt="False" ><![CDATA[Service: WebSocket Send]]></Obj>
<Details plainTxt="False" ><![CDATA[<CENTER><FONT COLOR=#FF0031>Step creation failed</CENTER>]]></Details>
<Time><![CDATA[8/12/2024 - 5:43:34]]></Time>
<TimeTick>1723441414</TimeTick>
<NodeArgs eType="General" icon="4" nRep="12" status="Passed" >
<Disp><![CDATA[Service: WebSocket Send]]></Disp>
</NodeArgs>
</Step>
<Step rID="T9">
<Obj plainTxt="False" ><![CDATA[Service: Reg Find]]></Obj>
<Details plainTxt="False" ><![CDATA[<CENTER><STRONG><FONT COLOR=#00AF00>text=Registration Form</FONT></STRONG></CENTER>]]></Details>
<Time><![CDATA[8/12/2024 - 5:43:36]]></Time>
<TimeTick>1723441416</TimeTick>
<NodeArgs eType="General" icon="7" nRep="13" >
<Disp><![CDATA[Service: Reg Find]]></Disp>
</NodeArgs>
</Step>
<Step rID="T10">
<Obj plainTxt="False" ><![CDATA[Service: Reg Save Param]]></Obj>
<Details plainTxt="False" ><![CDATA[<CENTER>ParamName =<STRONG><FONT COLOR=#00AF00>C_State</FONT></STRONG><BR>Left Boundary = <STRONG><FONT COLOR=#00AF00>LB=option value="</FONT></STRONG><BR>Right Boundary = <STRONG><FONT COLOR=#00AF00>RB="></FONT></STRONG><BR>Instance = <STRONG><FONT COLOR=#00AF00>ORD=ALL</FONT></STRONG></CENTER>]]></Details>
<Time><![CDATA[8/12/2024 - 5:43:36]]></Time>
<TimeTick>1723441416</TimeTick>
<NodeArgs eType="General" icon="8" nRep="14" >
<Disp><![CDATA[Service: Reg Save Param]]></Disp>
</NodeArgs>
</Step>
<Step rID="T11">
<Obj plainTxt="False" ><![CDATA[Service: Reg Save Param]]></Obj>
<Details plainTxt="False" ><![CDATA[<CENTER>ParamName =<STRONG><FONT COLOR=#00AF00>C_City</FONT></STRONG><BR>Left Boundary = <STRONG><FONT COLOR=#00AF00>LB=option value="</FONT></STRONG><BR>Right Boundary = <STRONG><FONT COLOR=#00AF00>RB="></FONT></STRONG><BR>Instance = <STRONG><FONT COLOR=#00AF00>ORD=ALL</FONT></STRONG></CENTER>]]></Details>
<Time><![CDATA[8/12/2024 - 5:43:36]]></Time>
<TimeTick>1723441416</TimeTick>
<NodeArgs eType="General" icon="8" nRep="15" >
<Disp><![CDATA[Service: Reg Save Param]]></Disp>
</NodeArgs>
</Step>
<Step rID="T12">
<Obj plainTxt="False" ><![CDATA[Url: Open Account]]></Obj>
<Details plainTxt="False" ><![CDATA[<CENTER><STRONG><FONT COLOR=#009A63>Step completed successfully</FONT></STRONG></CENTER>]]></Details>
<Time><![CDATA[8/12/2024 - 5:43:36]]></Time>
<TimeTick>1723441416</TimeTick>
<NodeArgs eType="General" icon="6" nRep="16" status="Passed" >
<Disp><![CDATA[Url: Open Account]]></Disp>
<BtmPane vType="HTMLSNSH" >
<Path><![CDATA[\Iteration1\t2.inf]]></Path>
</BtmPane>
</NodeArgs>
</Step>
<Step rID="T13">
<Obj plainTxt="False" ><![CDATA[Service: Reg Find]]></Obj>
<Details plainTxt="False" ><![CDATA[<CENTER><STRONG><FONT COLOR=#00AF00>text=Registration Form</FONT></STRONG></CENTER>]]></Details>
<Time><![CDATA[8/12/2024 - 5:43:38]]></Time>
<TimeTick>1723441418</TimeTick>
<NodeArgs eType="General" icon="7" nRep="17" >
<Disp><![CDATA[Service: Reg Find]]></Disp>
</NodeArgs>
</Step>
<Step rID="T14">
<Obj plainTxt="False" ><![CDATA[Submit Data: customer_reg_form.php]]></Obj>
<Details plainTxt="False" ><![CDATA[<CENTER><STRONG><FONT COLOR=#009A63>Step completed successfully</FONT></STRONG></CENTER>]]></Details>
<Time><![CDATA[8/12/2024 - 5:43:38]]></Time>
<TimeTick>1723441418</TimeTick>
<NodeArgs eType="General" icon="9" nRep="18" status="Passed" >
<Disp><![CDATA[Submit Data: customer_reg_form.php]]></Disp>
<BtmPane vType="HTMLSNSH" >
<Path><![CDATA[\Iteration1\t3.inf]]></Path>
</BtmPane>
</NodeArgs>
</Step>
<Step rID="T15">
<Obj plainTxt="False" ><![CDATA[Service: Reg Find]]></Obj>
<Details plainTxt="False" ><![CDATA[<CENTER><STRONG><FONT COLOR=#00AF00>text=Online Banking System</FONT></STRONG></CENTER>]]></Details>
<Time><![CDATA[8/12/2024 - 5:43:40]]></Time>
<TimeTick>1723441420</TimeTick>
<NodeArgs eType="General" icon="7" nRep="19" >
<Disp><![CDATA[Service: Reg Find]]></Disp>
</NodeArgs>
</Step>
<Step rID="T16">
<Obj plainTxt="False" ><![CDATA[Service: Set Max Html Param Len]]></Obj>
<Details plainTxt="False" ><![CDATA[<CENTER>Maximum length of a HTML string that can be retrieved and saved set to <STRONG><FONT COLOR=#00AF00>200000</FONT></STRONG> characters</CENTER>]]></Details>
<Time><![CDATA[8/12/2024 - 5:43:40]]></Time>
<TimeTick>1723441420</TimeTick>
<NodeArgs eType="General" icon="10" nRep="20" >
<Disp><![CDATA[Service: Set Max Html Param Len]]></Disp>
</NodeArgs>
</Step>
<Step rID="T17">
<Obj plainTxt="False" ><![CDATA[Service: Reg Save Param]]></Obj>
<Details plainTxt="False" ><![CDATA[<CENTER>ParamName =<STRONG><FONT COLOR=#00AF00>C_ApplicationNumber</FONT></STRONG><BR>Left Boundary = <STRONG><FONT COLOR=#00AF00>LB=Application number : </FONT></STRONG><BR>Right Boundary = <STRONG><FONT COLOR=#00AF00>RB=\</FONT></STRONG><BR>Instance = <STRONG><FONT COLOR=#00AF00></FONT></STRONG></CENTER>]]></Details>
<Time><![CDATA[8/12/2024 - 5:43:40]]></Time>
<TimeTick>1723441420</TimeTick>
<NodeArgs eType="General" icon="8" nRep="21" >
<Disp><![CDATA[Service: Reg Save Param]]></Disp>
</NodeArgs>
</Step>
<Step rID="T18">
<Obj plainTxt="False" ><![CDATA[Submit Data: cust_regfrm_confirm.php]]></Obj>
<Details plainTxt="False" ><![CDATA[<CENTER><STRONG><FONT COLOR=#009A63>Step completed successfully</FONT></STRONG></CENTER>]]></Details>
<Time><![CDATA[8/12/2024 - 5:43:40]]></Time>
<TimeTick>1723441420</TimeTick>
<NodeArgs eType="General" icon="9" nRep="22" status="Passed" >
<Disp><![CDATA[Submit Data: cust_regfrm_confirm.php]]></Disp>
<BtmPane vType="HTMLSNSH" >
<Path><![CDATA[\Iteration1\t4.inf]]></Path>
</BtmPane>
</NodeArgs>
</Step>
<Step rID="T19">
<Obj plainTxt="False" ><![CDATA[Service: Reg Find]]></Obj>
<Details plainTxt="False" ><![CDATA[<CENTER><STRONG><FONT COLOR=#00AF00>text=Online Banking System</FONT></STRONG></CENTER>]]></Details>
<Time><![CDATA[8/12/2024 - 5:44:16]]></Time>
<TimeTick>1723441456</TimeTick>
<NodeArgs eType="General" icon="7" nRep="23" >
<Disp><![CDATA[Service: Reg Find]]></Disp>
</NodeArgs>
</Step>
<Step rID="T20">
<Obj plainTxt="False" ><![CDATA[Url: Home]]></Obj>
<Details plainTxt="False" ><![CDATA[<CENTER><STRONG><FONT COLOR=#009A63>Step completed successfully</FONT></STRONG></CENTER>]]></Details>
<Time><![CDATA[8/12/2024 - 5:44:16]]></Time>
<TimeTick>1723441456</TimeTick>
<NodeArgs eType="General" icon="6" nRep="24" status="Passed" >
<Disp><![CDATA[Url: Home]]></Disp>
<BtmPane vType="HTMLSNSH" >
<Path><![CDATA[\Iteration1\t5.inf]]></Path>
</BtmPane>
</NodeArgs>
</Step>
<Summary sTime="8/12/2024 - 5:43:34" eTime="8/12/2024 - 5:44:16" passed="6" failed="0" warnings="0" ></Summary>
<NodeArgs eType="StartAction" icon="2" nRep="8" status="Passed" >
<Disp><![CDATA[Action Summary]]></Disp>
</NodeArgs>
</Action>
<NodeArgs eType="StartIteration" icon="3" nRep="7" status="Passed" >
<Disp><![CDATA[Final_Assessment1 Iteration 1 (Row 1)]]></Disp>
</NodeArgs>
</DIter>
<DIter rID="T21" iterID="2" >
<Action rID="T22">
<AName><![CDATA[Action]]></AName>
<Step rID="T23">
<Obj plainTxt="False" ><![CDATA[Service: Set Sockets Option]]></Obj>
<Details plainTxt="False" ><![CDATA[<CENTER>Set socket option <STRONG><FONT COLOR=#00AF00>SSL_VERSION</FONT></STRONG> with value <STRONG><FONT COLOR=#00AF00>AUTO</FONT></STRONG></CENTER>]]></Details>
<Time><![CDATA[8/12/2024 - 5:44:16]]></Time>
<TimeTick>1723441456</TimeTick>
<NodeArgs eType="General" icon="4" nRep="29" >
<Disp><![CDATA[Service: Set Sockets Option]]></Disp>
</NodeArgs>
</Step>
<Step rID="T24">
<Obj plainTxt="False" ><![CDATA[Service: Add Auto Header]]></Obj>
<Details plainTxt="False" ><![CDATA[<CENTER>Add the following header to all subsequent HTTP requests :<BR><STRONG><FONT COLOR=#00AF00>Accept-Language: en-US,en;q=0.5</FONT></STRONG></CENTER>]]></Details>
<Time><![CDATA[8/12/2024 - 5:44:16]]></Time>
<TimeTick>1723441456</TimeTick>
<NodeArgs eType="General" icon="5" nRep="30" >
<Disp><![CDATA[Service: Add Auto Header]]></Disp>
</NodeArgs>
</Step>
<Step rID="T25">
<Obj plainTxt="False" ><![CDATA[Url: banking]]></Obj>
<Details plainTxt="False" ><![CDATA[<CENTER><STRONG><FONT COLOR=#009A63>Step completed successfully</FONT></STRONG></CENTER>]]></Details>
<Time><![CDATA[8/12/2024 - 5:44:16]]></Time>
<TimeTick>1723441456</TimeTick>
<NodeArgs eType="General" icon="6" nRep="31" status="Passed" >
<Disp><![CDATA[Url: banking]]></Disp>
<BtmPane vType="HTMLSNSH" >
<Path><![CDATA[\Iteration2\t1.inf]]></Path>
</BtmPane>
</NodeArgs>
</Step>
<Step rID="T26">
<Obj plainTxt="False" ><![CDATA[Service: WebSocket Send]]></Obj>
<Details plainTxt="False" ><![CDATA[<CENTER><FONT COLOR=#FF0031>Step creation failed</CENTER>]]></Details>
<Time><![CDATA[8/12/2024 - 5:44:16]]></Time>
<TimeTick>1723441456</TimeTick>
<NodeArgs eType="General" icon="4" nRep="32" status="Passed" >
<Disp><![CDATA[Service: WebSocket Send]]></Disp>
</NodeArgs>
</Step>
<Step rID="T27">
<Obj plainTxt="False" ><![CDATA[Service: Reg Find]]></Obj>
<Details plainTxt="False" ><![CDATA[<CENTER><STRONG><FONT COLOR=#00AF00>text=Registration Form</FONT></STRONG></CENTER>]]></Details>
<Time><![CDATA[8/12/2024 - 5:44:18]]></Time>
<TimeTick>1723441458</TimeTick>
<NodeArgs eType="General" icon="7" nRep="33" >
<Disp><![CDATA[Service: Reg Find]]></Disp>
</NodeArgs>
</Step>
<Step rID="T28">
<Obj plainTxt="False" ><![CDATA[Service: Reg Save Param]]></Obj>
<Details plainTxt="False" ><![CDATA[<CENTER>ParamName =<STRONG><FONT COLOR=#00AF00>C_State</FONT></STRONG><BR>Left Boundary = <STRONG><FONT COLOR=#00AF00>LB=option value="</FONT></STRONG><BR>Right Boundary = <STRONG><FONT COLOR=#00AF00>RB="></FONT></STRONG><BR>Instance = <STRONG><FONT COLOR=#00AF00>ORD=ALL</FONT></STRONG></CENTER>]]></Details>
<Time><![CDATA[8/12/2024 - 5:44:18]]></Time>
<TimeTick>1723441458</TimeTick>
<NodeArgs eType="General" icon="8" nRep="34" >
<Disp><![CDATA[Service: Reg Save Param]]></Disp>
</NodeArgs>
</Step>
<Step rID="T29">
<Obj plainTxt="False" ><![CDATA[Service: Reg Save Param]]></Obj>
<Details plainTxt="False" ><![CDATA[<CENTER>ParamName =<STRONG><FONT COLOR=#00AF00>C_City</FONT></STRONG><BR>Left Boundary = <STRONG><FONT COLOR=#00AF00>LB=option value="</FONT></STRONG><BR>Right Boundary = <STRONG><FONT COLOR=#00AF00>RB="></FONT></STRONG><BR>Instance = <STRONG><FONT COLOR=#00AF00>ORD=ALL</FONT></STRONG></CENTER>]]></Details>
<Time><![CDATA[8/12/2024 - 5:44:18]]></Time>
<TimeTick>1723441458</TimeTick>
<NodeArgs eType="General" icon="8" nRep="35" >
<Disp><![CDATA[Service: Reg Save Param]]></Disp>
</NodeArgs>
</Step>
<Step rID="T30">
<Obj plainTxt="False" ><![CDATA[Url: Open Account]]></Obj>
<Details plainTxt="False" ><![CDATA[<CENTER><STRONG><FONT COLOR=#009A63>Step completed successfully</FONT></STRONG></CENTER>]]></Details>
<Time><![CDATA[8/12/2024 - 5:44:18]]></Time>
<TimeTick>1723441458</TimeTick>
<NodeArgs eType="General" icon="6" nRep="36" status="Passed" >
<Disp><![CDATA[Url: Open Account]]></Disp>
<BtmPane vType="HTMLSNSH" >
<Path><![CDATA[\Iteration2\t2.inf]]></Path>
</BtmPane>
</NodeArgs>
</Step>
<Step rID="T31">
<Obj plainTxt="False" ><![CDATA[Service: Reg Find]]></Obj>
<Details plainTxt="False" ><![CDATA[<CENTER><STRONG><FONT COLOR=#00AF00>text=Registration Form</FONT></STRONG></CENTER>]]></Details>
<Time><![CDATA[8/12/2024 - 5:44:21]]></Time>
<TimeTick>1723441461</TimeTick>
<NodeArgs eType="General" icon="7" nRep="37" >
<Disp><![CDATA[Service: Reg Find]]></Disp>
</NodeArgs>
</Step>
<Step rID="T32">
<Obj plainTxt="False" ><![CDATA[Submit Data: customer_reg_form.php]]></Obj>
<Details plainTxt="False" ><![CDATA[<CENTER><STRONG><FONT COLOR=#009A63>Step completed successfully</FONT></STRONG></CENTER>]]></Details>
<Time><![CDATA[8/12/2024 - 5:44:21]]></Time>
<TimeTick>1723441461</TimeTick>
<NodeArgs eType="General" icon="9" nRep="38" status="Passed" >
<Disp><![CDATA[Submit Data: customer_reg_form.php]]></Disp>
<BtmPane vType="HTMLSNSH" >
<Path><![CDATA[\Iteration2\t3.inf]]></Path>
</BtmPane>
</NodeArgs>
</Step>
<Step rID="T33">
<Obj plainTxt="False" ><![CDATA[Service: Reg Find]]></Obj>
<Details plainTxt="False" ><![CDATA[<CENTER><STRONG><FONT COLOR=#00AF00>text=Online Banking System</FONT></STRONG></CENTER>]]></Details>
<Time><![CDATA[8/12/2024 - 5:44:23]]></Time>
<TimeTick>1723441463</TimeTick>
<NodeArgs eType="General" icon="7" nRep="39" >
<Disp><![CDATA[Service: Reg Find]]></Disp>
</NodeArgs>
</Step>
<Step rID="T34">
<Obj plainTxt="False" ><![CDATA[Service: Set Max Html Param Len]]></Obj>
<Details plainTxt="False" ><![CDATA[<CENTER>Maximum length of a HTML string that can be retrieved and saved set to <STRONG><FONT COLOR=#00AF00>200000</FONT></STRONG> characters</CENTER>]]></Details>
<Time><![CDATA[8/12/2024 - 5:44:23]]></Time>
<TimeTick>1723441463</TimeTick>
<NodeArgs eType="General" icon="10" nRep="40" >
<Disp><![CDATA[Service: Set Max Html Param Len]]></Disp>
</NodeArgs>
</Step>
<Step rID="T35">
<Obj plainTxt="False" ><![CDATA[Service: Reg Save Param]]></Obj>
<Details plainTxt="False" ><![CDATA[<CENTER>ParamName =<STRONG><FONT COLOR=#00AF00>C_ApplicationNumber</FONT></STRONG><BR>Left Boundary = <STRONG><FONT COLOR=#00AF00>LB=Application number : </FONT></STRONG><BR>Right Boundary = <STRONG><FONT COLOR=#00AF00>RB=\</FONT></STRONG><BR>Instance = <STRONG><FONT COLOR=#00AF00></FONT></STRONG></CENTER>]]></Details>
<Time><![CDATA[8/12/2024 - 5:44:23]]></Time>
<TimeTick>1723441463</TimeTick>
<NodeArgs eType="General" icon="8" nRep="41" >
<Disp><![CDATA[Service: Reg Save Param]]></Disp>
</NodeArgs>
</Step>
<Step rID="T36">
<Obj plainTxt="False" ><![CDATA[Submit Data: cust_regfrm_confirm.php]]></Obj>
<Details plainTxt="False" ><![CDATA[<CENTER><STRONG><FONT COLOR=#009A63>Step completed successfully</FONT></STRONG></CENTER>]]></Details>
<Time><![CDATA[8/12/2024 - 5:44:23]]></Time>
<TimeTick>1723441463</TimeTick>
<NodeArgs eType="General" icon="9" nRep="42" status="Passed" >
<Disp><![CDATA[Submit Data: cust_regfrm_confirm.php]]></Disp>
<BtmPane vType="HTMLSNSH" >
<Path><![CDATA[\Iteration2\t4.inf]]></Path>
</BtmPane>
</NodeArgs>
</Step>
<Step rID="T37">
<Obj plainTxt="False" ><![CDATA[Service: Reg Find]]></Obj>
<Details plainTxt="False" ><![CDATA[<CENTER><STRONG><FONT COLOR=#00AF00>text=Online Banking System</FONT></STRONG></CENTER>]]></Details>
<Time><![CDATA[8/12/2024 - 5:44:25]]></Time>
<TimeTick>1723441465</TimeTick>
<NodeArgs eType="General" icon="7" nRep="43" >
<Disp><![CDATA[Service: Reg Find]]></Disp>
</NodeArgs>
</Step>
<Step rID="T38">
<Obj plainTxt="False" ><![CDATA[Url: Home]]></Obj>
<Details plainTxt="False" ><![CDATA[<CENTER><STRONG><FONT COLOR=#009A63>Step completed successfully</FONT></STRONG></CENTER>]]></Details>
<Time><![CDATA[8/12/2024 - 5:44:25]]></Time>
<TimeTick>1723441465</TimeTick>
<NodeArgs eType="General" icon="6" nRep="44" status="Passed" >
<Disp><![CDATA[Url: Home]]></Disp>
<BtmPane vType="HTMLSNSH" >
<Path><![CDATA[\Iteration2\t5.inf]]></Path>
</BtmPane>
</NodeArgs>
</Step>
<Summary sTime="8/12/2024 - 5:44:16" eTime="8/12/2024 - 5:44:25" passed="6" failed="0" warnings="0" ></Summary>
<NodeArgs eType="StartAction" icon="2" nRep="28" status="Passed" >
<Disp><![CDATA[Action Summary]]></Disp>
</NodeArgs>
</Action>
<NodeArgs eType="StartIteration" icon="3" nRep="27" status="Passed" >
<Disp><![CDATA[Final_Assessment1 Iteration 2 (Row 2)]]></Disp>
</NodeArgs>
</DIter>
<Action rID="T39">
<AName><![CDATA[vuser_end]]></AName>
<Summary sTime="8/12/2024 - 5:44:25" eTime="8/12/2024 - 5:44:25" passed="0" failed="0" warnings="0" ></Summary>
<NodeArgs eType="StartAction" icon="2" nRep="47" >
<Disp><![CDATA[vuser_end Summary]]></Disp>
</NodeArgs>
</Action>
<Summary sTime="8/12/2024 - 5:43:34" eTime="8/12/2024 - 5:44:25" passed="12" failed="0" warnings="0" ></Summary>
<NodeArgs eType="StartTest" icon="1" nRep="4" status="Passed" >
<Disp><![CDATA[Test Final_Assessment1 Summary]]></Disp>
</NodeArgs>
</Doc>
</Report>